date,player_a,player_b,surface,predicted_prob_a,actual_winner
2026-01-04,Grigor Dimitrov,Pablo Carreno Busta,Hard,0.685342,1
2026-01-04,Grigor Dimitrov,Raphael Collignon,Hard,0.7146004,0
2026-01-04,James Duckworth,Alex Michelsen,Hard,0.3574251,0
2026-01-04,Marton Fucsovics,Daniil Medvedev,Hard,0.24828045,0
2026-01-04,Nick Kyrgios,Aleksandar Kovacevic,Hard,0.52288383,0
2026-01-04,Daniil Medvedev,Kamil Majchrzak,Hard,0.7298571,1
2026-01-04,Daniil Medvedev,Frances Tiafoe,Hard,0.7298701,1
2026-01-04,Daniil Medvedev,Brandon Nakashima,Hard,0.72489786,1
2026-01-04,Daniil Medvedev,Alex Michelsen,Hard,0.7362541,1
2026-01-04,Quentin Halys,Alexei Popyrin,Hard,0.3307472,1
2026-01-04,Quentin Halys,Brandon Nakashima,Hard,0.2975684,0
2026-01-04,Kamil Majchrzak,Reilly Opelka,Hard,0.45040947,1
2026-01-04,Kamil Majchrzak,Daniel Altmaier,Hard,0.4818545,1
2026-01-04,Cameron Norrie,Ugo Humbert,Hard,0.44980213,1
2026-01-04,Cameron Norrie,Aleksandar Kovacevic,Hard,0.7749142,0
2026-01-04,Reilly Opelka,Dane Sweeny,Hard,0.6642224,1
2026-01-04,Tommy Paul,Giovanni Mpetshi Perricard,Hard,0.7096876,0
2026-01-04,Frances Tiafoe,Aleksandar Vukic,Hard,0.649249,1
2026-01-04,Denis Shapovalov,Raphael Collignon,Hard,0.6473984,0
2026-01-04,Camilo Ugo Carabelli,Learner Tien,Hard,0.26175496,0
2026-01-04,Alejandro Davidovich Fokina,Brandon Nakashima,Hard,0.6005995,0
2026-01-04,Adam Walton,Rinky Hijikata,Hard,0.5047424,0
2026-01-04,Valentin Vacherot,Sebastian Korda,Hard,0.5293743,0
2026-01-04,Sebastian Korda,Jiri Lehecka,Hard,0.39755636,1
2026-01-04,Sebastian Korda,Alex Michelsen,Hard,0.5852442,0
2026-01-04,Aleksandar Kovacevic,Brandon Nakashima,Hard,0.3174538,0
2026-01-04,Aleksandar Kovacevic,Giovanni Mpetshi Perricard,Hard,0.3365665,1
2026-01-04,Brandon Nakashima,Raphael Collignon,Hard,0.62252206,1
2026-01-04,Tomas Machac,Jiri Lehecka,Hard,0.38277453,0
2026-01-04,Rinky Hijikata,Giovanni Mpetshi Perricard,Hard,0.42903498,0
2026-01-04,Alex Michelsen,Learner Tien,Hard,0.36547586,1
2026-01-05,Alexander Zverev,Hubert Hurkacz,Hard,0.72110045,0
2026-01-05,Alexander Zverev,Tallon Griekspoor,Hard,0.7783548,1
2026-01-05,Stan Wawrinka,Arthur Rinderknech,Hard,0.26185644,1
2026-01-05,Stan Wawrinka,Hubert Hurkacz,Hard,0.25031665,0
2026-01-05,Stan Wawrinka,Zizou Bergs,Hard,0.30892092,0
2026-01-05,Stan Wawrinka,Sebastian Baez,Hard,0.5314902,0
2026-01-05,Stan Wawrinka,Flavio Cobolli,Hard,0.28678468,0
2026-01-05,Adrian Mannarino,Marin Cilic,Hard,0.5131472,0
2026-01-05,Marin Cilic,Nuno Borges,Hard,0.51342183,0
2026-01-05,Jan Lennard Struff,Botic Van De Zandschulp,Hard,0.47010574,0
2026-01-05,Damir Dzumhur,Nuno Borges,Hard,0.38333452,0
2026-01-05,Marcos Giron,Laslo Djere,Hard,0.55062336,1
2026-01-05,Marcos Giron,Michael Mmoh,Hard,0.5915868,1
2026-01-05,Marcos Giron,Alexander Bublik,Hard,0.30702588,0
2026-01-05,Marcos Giron,Alexandre Muller,Hard,0.5004271,1
2026-01-05,Zhizhen Zhang,Felix Auger Aliassime,Hard,0.14386304,0
2026-01-05,Zhizhen Zhang,Zizou Bergs,Hard,0.18147948,1
2026-01-05,Karen Khachanov,Michael Mmoh,Hard,0.7540804,0
2026-01-05,Michael Mmoh,Alejandro Tabilo,Hard,0.38210467,1
2026-01-05,Botic Van De Zandschulp,Alexander Bublik,Hard,0.28143343,0
2026-01-05,Alexander Bublik,Lorenzo Musetti,Hard,0.42750868,1
2026-01-05,Alexander Bublik,Juncheng Shang,Hard,0.7675159,1
2026-01-05,Alexandre Muller,Miomir Kecmanovic,Hard,0.501097,1
2026-01-05,Andrey Rublev,Nuno Borges,Hard,0.64183956,1
2026-01-05,Andrey Rublev,Yibing Wu,Hard,0.6866422,1
2026-01-05,Andrey Rublev,Lorenzo Musetti,Hard,0.4281536,0
2026-01-05,Billy Harris,Stefanos Tsitsipas,Hard,0.23400715,0
2026-01-05,Billy Harris,Shintaro Mochizuki,Hard,0.49403864,1
2026-01-05,Taylor Fritz,Stefanos Tsitsipas,Hard,0.7409829,0
2026-01-05,Taylor Fritz,Hubert Hurkacz,Hard,0.69783163,0
2026-01-05,Taylor Fritz,Jaume Munar,Hard,0.73701614,1
2026-01-05,Taylor Fritz,Sebastian Baez,Hard,0.8375509,0
2026-01-05,Arthur Rinderknech,Flavio Cobolli,Hard,0.47934476,1
2026-01-05,Stefanos Tsitsipas,Shintaro Mochizuki,Hard,0.77793735,1
2026-01-05,Hubert Hurkacz,Tallon Griekspoor,Hard,0.49747744,1
2026-01-05,Hubert Hurkacz,Alex De Minaur,Hard,0.3186768,0
2026-01-05,Lorenzo Sonego,Juncheng Shang,Hard,0.66359025,0
2026-01-05,Lorenzo Sonego,Rei Sakamoto,Hard,0.7468994,1
2026-01-05,Casper Ruud,Alex De Minaur,Hard,0.31124535,1
2026-01-05,Casper Ruud,Jakub Mensik,Hard,0.5951361,0
2026-01-05,Jaume Munar,Sebastian Baez,Hard,0.67517614,0
2026-01-05,Tomas Martin Etcheverry,Lorenzo Musetti,Hard,0.26771438,0
2026-01-05,Tomas Martin Etcheverry,Valentin Royer,Hard,0.5143076,1
2026-01-05,Felix Auger Aliassime,Zizou Bergs,Hard,0.7691264,0
2026-01-05,Yibing Wu,Fabian Marozsan,Hard,0.4050533,1
2026-01-05,Zizou Bergs,Jakub Mensik,Hard,0.41421282,1
2026-01-05,Alex De Minaur,Jakub Mensik,Hard,0.7226215,1
2026-01-05,Jesper De Jong,Gabriel Diallo,Hard,0.40701246,0
2026-01-05,Lorenzo Musetti,Coleman Wong,Hard,0.7706916,1
2026-01-05,Francisco Comesana,Juncheng Shang,Hard,0.5575401,0
2026-01-05,Mariano Navone,Coleman Wong,Hard,0.46838507,0
2026-01-05,Gabriel Diallo,Coleman Wong,Hard,0.6246317,0
2026-01-12,Gael Monfils,Fabian Marozsan,Hard,0.52899945,0
2026-01-12,Roberto Bautista Agut,Giovanni Mpetshi Perricard,Hard,0.44171053,0
2026-01-12,Adrian Mannarino,Eliot Spizzirri,Hard,0.601556,0
2026-01-12,James Duckworth,Tomas Machac,Hard,0.25910866,0
2026-01-12,Marton Fucsovics,Alexander Shevchenko,Hard,0.60670173,0
2026-01-12,Marton Fucsovics,Ethan Quinn,Hard,0.6383365,1
2026-01-12,Damir Dzumhur,Alexander Shevchenko,Hard,0.44027194,0
2026-01-12,Marcos Giron,Alexandre Muller,Hard,0.5097173,1
2026-01-12,Marcos Giron,Sebastian Baez,Hard,0.5146108,0
2026-01-12,Marcos Giron,Luciano Darderi,Hard,0.57027465,1
2026-01-12,Marcos Giron,Alex Michelsen,Hard,0.45145416,1
2026-01-12,Thanasi Kokkinakis,Valentin Vacherot,Hard,0.31150803,0
2026-01-12,Thanasi Kokkinakis,Sebastian Korda,Hard,0.23410296,1
2026-01-12,Quentin Halys,Tomas Machac,Hard,0.25474668,0
2026-01-12,Quentin Halys,Jacob Fearnley,Hard,0.4344884,1
2026-01-12,Cameron Norrie,Hugo Gaston,Hard,0.7270462,1
2026-01-12,Cameron Norrie,Giovanni Mpetshi Perricard,Hard,0.6012225,0
2026-01-12,Reilly Opelka,Tommy Paul,Hard,0.33375996,0
2026-01-12,Reilly Opelka,Alexei Popyrin,Hard,0.5102585,1
2026-01-12,Tommy Paul,Aleksandar Vukic,Hard,0.76295006,1
2026-01-12,Tommy Paul,Tomas Machac,Hard,0.61221313,0
2026-01-12,Alejandro Tabilo,Camilo Ugo Carabelli,Hard,0.5182516,1
2026-01-12,Alejandro Tabilo,Luciano Darderi,Hard,0.5719508,0
2026-01-12,Stefanos Tsitsipas,Aleksandar Vukic,Hard,0.7346044,0
2026-01-12,Aleksandar Vukic,Andrea Vavassori,Hard,0.60743636,1
2026-01-12,Daniel Altmaier,Jaume Munar,Hard,0.40576708,0
2026-01-12,Andrea Vavassori,Gabriel Diallo,Hard,0.25537947,1
2026-01-12,Nuno Borges,Tomas Martin Etcheverry,Hard,0.51942706,1
2026-01-12,Nuno Borges,Eliot Spizzirri,Hard,0.60127854,0
2026-01-12,Casper Ruud,Fabian Marozsan,Hard,0.6768125,0
2026-01-12,Tallon Griekspoor,Ugo Humbert,Hard,0.42485094,0
2026-01-12,Jaume Munar,Francisco Cerundolo,Hard,0.40212172,1
2026-01-12,Jaume Munar,Tomas Machac,Hard,0.45263135,0
2026-01-12,Ugo Humbert,Alejandro Davidovich Fokina,Hard,0.4220723,1
2026-01-12,Ugo Humbert,Alexander Shevchenko,Hard,0.68347013,1
2026-01-12,Ugo Humbert,Tomas Machac,Hard,0.5515443,0
2026-01-12,Ugo Humbert,Terence Atmane,Hard,0.7183598,1
2026-01-12,Miomir Kecmanovic,Valentin Vacherot,Hard,0.37349296,0
2026-01-12,Alejandro Davidovich Fokina,Valentin Vacherot,Hard,0.5698481,1
2026-01-12,Alejandro Davidovich Fokina,Rinky Hijikata,Hard,0.748861,1
2026-01-12,Sebastian Baez,Jenson Brooksby,Hard,0.4134149,1
2026-01-12,Sebastian Baez,Emilio Nava,Hard,0.6049476,1
2026-01-12,Sebastian Baez,Ben Shelton,Hard,0.22596748,1
2026-01-12,Sebastian Baez,Jakub Mensik,Hard,0.35144576,0
2026-01-12,Jenson Brooksby,James Watt,Hard,0.8481879,1
2026-01-12,Aleksandar Kovacevic,Hamad Medjedovic,Hard,0.429835,0
2026-01-12,Fabian Marozsan,Eliot Spizzirri,Hard,0.59253293,1
2026-01-12,Fabian Marozsan,Jakub Mensik,Hard,0.3685904,0
2026-01-12,Francisco Comesana,Valentin Royer,Hard,0.44838408,1
2026-01-12,Francisco Comesana,Ben Shelton,Hard,0.20697974,0
2026-01-12,Rinky Hijikata,Tristan Schoolkate,Hard,0.51636946,1
2026-01-12,Mariano Navone,Alex Michelsen,Hard,0.38749057,0
2026-01-12,Giovanni Mpetshi Perricard,Jakub Mensik,Hard,0.3738478,0
2026-01-12,Hamad Medjedovic,Jakub Mensik,Hard,0.3517021,0
2026-01-19,Alexander Zverev,Cameron Norrie,Hard,0.78400373,1
2026-01-19,Alexander Zverev,Alexandre Muller,Hard,0.8171825,1
2026-01-19,Alexander Zverev,Francisco Cerundolo,Hard,0.7667833,1
2026-01-19,Alexander Zverev,Carlos Alcaraz,Hard,0.21353173,0
2026-01-19,Alexander Zverev,Gabriel Diallo,Hard,0.7807384,1
2026-01-19,Alexander Zverev,Learner Tien,Hard,0.7140325,1
2026-01-19,Martin Damm,Valentin Vacherot,Hard,0.2500047,0
2026-01-19,Stan Wawrinka,Laslo Djere,Hard,0.4609756,1
2026-01-19,Stan Wawrinka,Taylor Fritz,Hard,0.18612355,0
2026-01-19,Stan Wawrinka,Arthur Gea,Hard,0.56889516,1
2026-01-19,Gael Monfils,Dane Sweeny,Hard,0.7007125,0
2026-01-19,Novak Djokovic,Botic Van De Zandschulp,Hard,0.8593401,1
2026-01-19,Novak Djokovic,Pedro Martinez,Hard,0.8752608,1
2026-01-19,Novak Djokovic,Jannik Sinner,Hard,0.19049306,1
2026-01-19,Novak Djokovic,Lorenzo Musetti,Hard,0.76457846,1
2026-01-19,Novak Djokovic,Carlos Alcaraz,Hard,0.2678798,0
2026-01-19,Novak Djokovic,Francesco Maestrelli,Hard,0.858606,1
2026-01-19,Novak Djokovic,Jakub Mensik,Hard,0.7954977,1
2026-01-19,Roberto Bautista Agut,Juncheng Shang,Hard,0.5839364,0
2026-01-19,Adrian Mannarino,Rinky Hijikata,Hard,0.5923438,0
2026-01-19,Marin Cilic,Daniel Altmaier,Hard,0.51008934,1
2026-01-19,Marin Cilic,Denis Shapovalov,Hard,0.41736436,1
2026-01-19,Marin Cilic,Casper Ruud,Hard,0.31583273,0
2026-01-19,Jan Lennard Struff,Vit Kopriva,Hard,0.57551557,0
2026-01-19,Grigor Dimitrov,Tomas Machac,Hard,0.5257997,0
2026-01-19,Pablo Carreno Busta,Jakub Mensik,Hard,0.28211823,0
2026-01-19,Yannick Hanfmann,Carlos Alcaraz,Hard,0.08618285,0
2026-01-19,Yannick Hanfmann,Zachary Svajda,Hard,0.6781213,1
2026-01-19,James Duckworth,Jannik Sinner,Hard,0.07605196,0
2026-01-19,James Duckworth,Dino Prizmic,Hard,0.51707053,1
2026-01-19,Marton Fucsovics,Alexander Bublik,Hard,0.28245148,0
2026-01-19,Marton Fucsovics,Camilo Ugo Carabelli,Hard,0.60546994,1
2026-01-19,Damir Dzumhur,Francisco Cerundolo,Hard,0.23167749,0
2026-01-19,Damir Dzumhur,Liam Draxl,Hard,0.45898464,1
2026-01-19,Jason Kubler,Frances Tiafoe,Hard,0.28074953,0
2026-01-19,Marcos Giron,Learner Tien,Hard,0.3151573,0
2026-01-19,Christopher Oconnell,Nishesh Basavareddy,Hard,0.5370073,0
2026-01-19,Daniil Medvedev,Quentin Halys,Hard,0.8561316,1
2026-01-19,Daniil Medvedev,Fabian Marozsan,Hard,0.7399599,1
2026-01-19,Daniil Medvedev,Jesper De Jong,Hard,0.7574225,1
2026-01-19,Daniil Medvedev,Learner Tien,Hard,0.636503,0
2026-01-19,Cristian Garin,Luciano Darderi,Hard,0.4803365,0
2026-01-19,Zhizhen Zhang,Francisco Cerundolo,Hard,0.22508258,0
2026-01-19,Elias Ymer,Alexander Shevchenko,Hard,0.44199103,0
2026-01-19,Jordan Thompson,Nuno Borges,Hard,0.5064486,0
2026-01-19,Jordan Thompson,Juan Manuel Cerundolo,Hard,0.5845628,1
2026-01-19,Mackenzie Mcdonald,Alex De Minaur,Hard,0.15082757,0
2026-01-19,Quentin Halys,Alejandro Tabilo,Hard,0.408407,1
2026-01-19,Karen Khachanov,Luciano Darderi,Hard,0.71300685,0
2026-01-19,Karen Khachanov,Nishesh Basavareddy,Hard,0.76078653,1
2026-01-19,Karen Khachanov,Alex Michelsen,Hard,0.6170867,1
2026-01-19,Kamil Majchrzak,Fabian Marozsan,Hard,0.4538042,0
2026-01-19,Kamil Majchrzak,Jacob Fearnley,Hard,0.5865156,1
2026-01-19,Cameron Norrie,Benjamin Bonzi,Hard,0.6285461,1
2026-01-19,Cameron Norrie,Emilio Nava,Hard,0.7272373,1
2026-01-19,Botic Van De Zandschulp,Brandon Nakashima,Hard,0.41233957,1
2026-01-19,Botic Van De Zandschulp,Juncheng Shang,Hard,0.6164535,1
2026-01-19,Alexander Bublik,Tomas Martin Etcheverry,Hard,0.7003797,1
2026-01-19,Alexander Bublik,Alex De Minaur,Hard,0.35424498,0
2026-01-19,Alexander Bublik,Jenson Brooksby,Hard,0.66758907,1
2026-01-19,Alexandre Muller,Alexei Popyrin,Hard,0.477869,1
2026-01-19,Reilly Opelka,Nicolai Budkov Kjaer,Hard,0.5940376,1
2026-01-19,Reilly Opelka,Alejandro Davidovich Fokina,Hard,0.30955932,0
2026-01-19,Andrey Rublev,Francisco Cerundolo,Hard,0.5529726,0
2026-01-19,Andrey Rublev,Matteo Arnaldi,Hard,0.63747376,1
2026-01-19,Andrey Rublev,Jaime Faria,Hard,0.7965966,1
2026-01-19,Taylor Fritz,Vit Kopriva,Hard,0.79668236,1
2026-01-19,Taylor Fritz,Lorenzo Musetti,Hard,0.56759316,0
2026-01-19,Taylor Fritz,Valentin Royer,Hard,0.77461284,1
2026-01-19,Tommy Paul,Alejandro Davidovich Fokina,Hard,0.47486737,1
2026-01-19,Tommy Paul,Thiago Agustin Tirante,Hard,0.73547226,1
2026-01-19,Tommy Paul,Aleksandar Kovacevic,Hard,0.7629975,1
2026-01-19,Tommy Paul,Carlos Alcaraz,Hard,0.11916985,0
2026-01-19,Frances Tiafoe,Alex De Minaur,Hard,0.25391623,0
2026-01-19,Frances Tiafoe,Francisco Comesana,Hard,0.62961495,1
2026-01-19,Arthur Rinderknech,Fabian Marozsan,Hard,0.53632945,0
2026-01-19,Carlos Taberner,Lorenzo Sonego,Hard,0.39656636,0
2026-01-19,Stefanos Tsitsipas,Tomas Machac,Hard,0.47082558,0
2026-01-19,Stefanos Tsitsipas,Shintaro Mochizuki,Hard,0.76436955,1
2026-01-19,Aleksandar Vukic,Thiago Agustin Tirante,Hard,0.5376405,0
2026-01-19,Hubert Hurkacz,Zizou Bergs,Hard,0.55419374,1
2026-01-19,Hubert Hurkacz,Ethan Quinn,Hard,0.7137512,0
2026-01-19,Lorenzo Sonego,Lorenzo Musetti,Hard,0.26477423,0
2026-01-19,Nuno Borges,Felix Auger Aliassime,Hard,0.21450938,1
2026-01-19,Nuno Borges,Learner Tien,Hard,0.35159233,0
2026-01-19,Denis Shapovalov,Bu Yunchaokete,Hard,0.6602291,1
2026-01-19,Casper Ruud,Jaume Munar,Hard,0.6484553,1
2026-01-19,Casper Ruud,Mattia Bellucci,Hard,0.74659127,1
2026-01-19,Casper Ruud,Ben Shelton,Hard,0.41504055,0
2026-01-19,Tallon Griekspoor,Ethan Quinn,Hard,0.6581508,0
2026-01-19,Jaume Munar,Dalibor Svrcina,Hard,0.68142897,1
2026-01-19,Tomas Martin Etcheverry,Miomir Kecmanovic,Hard,0.5158219,1
2026-01-19,Tomas Martin Etcheverry,Arthur Fery,Hard,0.6347182,1
2026-01-19,Corentin Moutet,Carlos Alcaraz,Hard,0.0930691,0
2026-01-19,Corentin Moutet,Tristan Schoolkate,Hard,0.72049344,1
2026-01-19,Corentin Moutet,Michael Zheng,Hard,0.79356116,1
2026-01-19,Ugo Humbert,Ben Shelton,Hard,0.3744371,0
2026-01-19,Yibing Wu,Eliot Spizzirri,Hard,0.4995589,0
2026-01-19,Yibing Wu,Luca Nardi,Hard,0.52535844,1
2026-01-19,Alejandro Davidovich Fokina,Filip Misolic,Hard,0.74670774,1
2026-01-19,Alex De Minaur,Carlos Alcaraz,Hard,0.17183736,0
2026-01-19,Alex De Minaur,Hamad Medjedovic,Hard,0.7473823,1
2026-01-19,Hugo Gaston,Jannik Sinner,Hard,0.07310559,0
2026-01-19,Adam Walton,Carlos Alcaraz,Hard,0.08259467,0
2026-01-19,Valentin Vacherot,Rinky Hijikata,Hard,0.7210657,1
2026-01-19,Valentin Vacherot,Ben Shelton,Hard,0.34924176,0
2026-01-19,Patrick Kypson,Francisco Comesana,Hard,0.42757618,0
2026-01-19,Sebastian Korda,Michael Zheng,Hard,0.78314126,0
2026-01-19,Sebastian Baez,Giovanni Mpetshi Perricard,Hard,0.4391103,1
2026-01-19,Sebastian Baez,Luciano Darderi,Hard,0.53546673,0
2026-01-19,Jannik Sinner,Eliot Spizzirri,Hard,0.91314846,1
2026-01-19,Jannik Sinner,Luciano Darderi,Hard,0.92240274,1
2026-01-19,Jannik Sinner,Ben Shelton,Hard,0.90052545,1
2026-01-19,Emilio Nava,Kyrian Jacquet,Hard,0.512906,1
2026-01-19,Lorenzo Musetti,Tomas Machac,Hard,0.6682695,1
2026-01-19,Lorenzo Musetti,Raphael Collignon,Hard,0.7709942,1
2026-01-19,Alexander Shevchenko,Learner Tien,Hard,0.29752153,0
2026-01-19,Flavio Cobolli,Arthur Fery,Hard,0.741479,0
2026-01-19,Dane Sweeny,Ben Shelton,Hard,0.16515641,0
2026-01-19,Jiri Lehecka,Arthur Gea,Hard,0.8477076,0
2026-01-19,Eliot Spizzirri,Joao Fonseca,Hard,0.29606462,1
2026-01-19,Francesco Maestrelli,Terence Atmane,Hard,0.4511579,1
2026-01-19,Mariano Navone,Hamad Medjedovic,Hard,0.40715027,0
2026-01-19,Jakub Mensik,Ethan Quinn,Hard,0.74859154,1
2026-01-19,Jakub Mensik,Rafael Jodar,Hard,0.75221777,1
2026-01-19,Jaime Faria,Alexander Blockx,Hard,0.4502186,1
2026-01-19,Rei Sakamoto,Rafael Jodar,Hard,0.40803775,0
2026-02-02,Martin Damm,Roberto Bautista Agut,Hard,0.47321016,1
2026-02-02,Martin Damm,Adrian Mannarino,Hard,0.39760634,0
2026-02-02,Martin Damm,Hubert Hurkacz,Hard,0.28526175,1
2026-02-02,Martin Damm,Luca Nardi,Hard,0.47672287,1
2026-02-02,Stan Wawrinka,Felix Auger Aliassime,Hard,0.18002056,0
2026-02-02,Stan Wawrinka,Hamad Medjedovic,Hard,0.40591615,1
2026-02-02,Roberto Bautista Agut,Christopher Oconnell,Hard,0.57335824,1
2026-02-02,Adrian Mannarino,Pedro Martinez,Hard,0.59238285,1
2026-02-02,Adrian Mannarino,Felix Auger Aliassime,Hard,0.2127219,0
2026-02-02,Adrian Mannarino,Ugo Humbert,Hard,0.3312391,1
2026-02-02,Adrian Mannarino,Arthur Gea,Hard,0.6406391,1
2026-02-02,Pablo Carreno Busta,Tallon Griekspoor,Hard,0.42614767,0
2026-02-02,Pablo Carreno Busta,Miomir Kecmanovic,Hard,0.5247739,1
2026-02-02,Nikoloz Basilashvili,Luca Nardi,Hard,0.4556907,0
2026-02-02,Botic Van De Zandschulp,Ugo Humbert,Hard,0.3860249,0
2026-02-02,Jan Choinski,Titouan Droguet,Hard,0.53656673,0
2026-02-02,Andrea Vavassori,Ugo Blanchet,Hard,0.47919613,0
2026-02-02,Tallon Griekspoor,Titouan Droguet,Hard,0.67425877,0
2026-02-02,Felix Auger Aliassime,Titouan Droguet,Hard,0.7991251,1
2026-02-02,Felix Auger Aliassime,Arthur Fils,Hard,0.64876544,1
2026-02-02,Ugo Blanchet,Arthur Fils,Hard,0.22732408,0
2026-02-02,Aleksandar Kovacevic,Titouan Droguet,Hard,0.5589402,0
2026-02-02,Aleksandar Kovacevic,Moise Kouame,Hard,0.8221243,1
2026-02-02,Tomas Machac,Arthur Gea,Hard,0.77140486,0
2026-02-02,Flavio Cobolli,Luca Nardi,Hard,0.7030549,0
2026-02-02,Valentin Royer,Arthur Fils,Hard,0.31532007,0
2026-02-02,Giovanni Mpetshi Perricard,Arthur Gea,Hard,0.6827717,0
2026-02-05,Cameron Norrie,Nicolai Budkov Kjaer,Hard,0.741656,1
2026-02-05,Viktor Durasovic,Jack Draper,Hard,0.13639067,0
2026-02-05,Nicolai Budkov Kjaer,Jacob Fearnley,Hard,0.44609246,0
2026-02-06,Dusan Lajovic,Tomas Barrios Vera,Clay,0.5597068,0
2026-02-06,Daniel Vallejo,Stefan Palosi,Clay,0.2886203,1
2026-02-06,Daniel Vallejo,Gabriel Ghetu,Clay,0.22218043,1
2026-02-06,Alejandro Tabilo,Ognjen Milic,Clay,0.85825723,1
2026-02-06,Yanki Erel,Bor Artnak,Clay,0.4929511,1
2026-02-06,Matias Soto,Branko Djuric,Clay,0.51147413,1
2026-02-06,Mert Alkaya,Sebastian Dominko,Clay,0.70132625,1
2026-02-06,Filip Jeff Planinsek,Kaan Isak Kosaner,Clay,0.8021225,1
2026-02-06,Radu David Turcanu,Alex Santino Nunez Vera,Clay,0.7730082,1
2026-02-06,Aqeel Khan,Seydina Andre,Grass,0.3378276,1
2026-02-06,Yannick Languina,Muzammil Murtaza,Grass,0.28046978,0
2026-02-06,Muzammil Murtaza,Nicolas Jadoun,Grass,0.2799702,1
2026-02-06,Muhammad Shoaib,Nicolas Jadoun,Grass,0.288141,1
2026-02-06,Jan Lennard Struff,Juan Pablo Varillas,Hard,0.6432008,1
2026-02-06,Hugo Nys,Alexander Bublik,Hard,0.15497449,0
2026-02-06,Yannick Hanfmann,Gonzalo Bueno,Hard,0.669602,1
2026-02-06,Roberto Cid,Karlis Ozolins,Hard,0.7492675,1
2026-02-06,Yoshihito Nishioka,Jurij Rodionov,Hard,0.56052184,0
2026-02-06,Zhizhen Zhang,Nuno Borges,Hard,0.23899397,1
2026-02-06,Wayne Montgomery,Zura Tkemaladze,Hard,0.32408285,1
2026-02-06,Wayne Montgomery,Saba Purtseladze,Hard,0.22644307,0
2026-02-06,Moez Echargui,Jerome Kym,Hard,0.5172836,0
2026-02-06,Alexander Bublik,Valentin Vacherot,Hard,0.6176963,0
2026-02-06,Sebastian Ofner,Yosuke Watanuki,Hard,0.50074095,0
2026-02-06,Aleksandre Bakshi,Daniel Phillips,Hard,0.82122916,0
2026-02-06,Nuno Borges,Yibing Wu,Hard,0.60279393,0
2026-02-06,Aziz Ouakaa,Mika Brunold,Hard,0.2993179,0
2026-02-06,August Holmgren,Dino Prizmic,Hard,0.52107346,0
2026-02-06,Valentin Vacherot,Alexander Shevchenko,Hard,0.70001775,1
2026-02-06,Jurij Rodionov,Shintaro Mochizuki,Hard,0.605055,1
2026-02-06,Nick Hardt,Robert Strombachs,Hard,0.29959843,1
2026-02-06,Joao Lucas Reis Da Silva,Liam Draxl,Hard,0.39357054,0
2026-02-06,Bu Yunchaokete,Henrique Rocha,Hard,0.516266,0
2026-02-06,Matheus Pucinelli De Almeida,Gabriel Diallo,Hard,0.31435803,0
2026-02-06,Liam Draxl,Gustavo Heide,Hard,0.52866584,1
2026-02-06,Saba Purtseladze,Daniel Phillips,Hard,0.7797265,1
2026-02-06,Shintaro Mochizuki,Lukas Neumayer,Hard,0.44849494,0
2026-02-06,Gonzalo Bueno,Justin Engel,Hard,0.5323276,0
2026-02-06,Gustavo Heide,Gabriel Diallo,Hard,0.26892322,1
2026-02-06,Vilius Gaubas,Ofek Shimanov ,Hard,0.7889737,1
2026-02-06,Vilius Gaubas,Amit Vales,Hard,0.76242346,1
2026-02-06,Elmer Moller,Dino Prizmic,Hard,0.5274722,0
2026-02-06,Elmer Moller,Matej Dodig,Hard,0.56208,1
2026-02-06,Leandro Riedi,Alaa Trifi,Hard,0.845002,1
2026-02-06,Edas Butvilas,Amit Vales,Hard,0.7709457,1
2026-02-06,Enmanuel Munoz,Eriks Valeinis,Hard,0.44572458,0
2026-02-07,James Duckworth,Andres Andrade,Clay,0.5822808,0
2026-02-07,Jason Kubler,Emilio Camacho,Clay,0.84437186,1
2026-02-07,Tommy Paul,Zsombor Piros,Clay,0.7484826,1
2026-02-07,Ivan Ivanov,Raphael Collignon,Clay,0.2021359,0
2026-02-07,Matyas Fuele,Emilio Nava,Clay,0.17618167,0
2026-02-07,Nicolas Mejia,Taha Baadi,Clay,0.68157023,1
2026-02-07,Nicolas Mejia,Reda Bennani,Clay,0.7610508,1
2026-02-07,Adria Soriano Barrera,Reda Bennani,Clay,0.7111809,0
2026-02-07,Fabian Marozsan,Ethan Quinn,Clay,0.634963,0
2026-02-07,Rinky Hijikata,Alvaro Guillen Meza,Clay,0.50273407,0
2026-02-07,Faris Zakaryia,Karol Filar,Clay,0.6391394,0
2026-02-07,Maks Kasnikowski,Michael Bassem Sobhy,Clay,0.6896738,1
2026-02-07,Raphael Collignon,Alexander Vasilev,Clay,0.794559,1
2026-02-07,Filip Pieczonka,Karim Ibrahim,Clay,0.5241091,1
2026-02-07,Alexander Blockx,Iliyan Radulov,Clay,0.7811358,1
2026-02-07,Alexis Klegou,Diego Duran,Hard,0.40175825,0
2026-02-07,Alexis Klegou,Juan Carlos Fuentes Vasquez,Hard,0.5009368,1
2026-02-07,Marco Trungelliti,Hyeon Chung,Hard,0.6047238,0
2026-02-07,Marco Trungelliti,Soon Woo Kwon,Hard,0.5769789,0
2026-02-07,Norbert Gombos,Arthur Rinderknech,Hard,0.21489963,0
2026-02-07,Mirza Basic,Anton Shepp,Hard,0.7042226,0
2026-02-07,Mirza Basic,James Watt,Hard,0.56808364,1
2026-02-07,Darian King,Murkel Alejandro Dellien Velasco,Hard,0.39143872,1
2026-02-07,Darian King,Juan Carlos Prado Angelo,Hard,0.31388307,1
2026-02-07,Stefan Micov,Photos Photiades,Hard,0.4582065,0
2026-02-07,Hyeon Chung,Thiago Agustin Tirante,Hard,0.3293803,0
2026-02-07,Sumit Nagal,Jesper De Jong,Hard,0.2743302,0
2026-02-07,Sumit Nagal,Guy Den Ouden,Hard,0.4713573,0
2026-02-07,Nicholas Campbell,Kristijan Janev,Hard,0.48762017,1
2026-02-07,Murkel Alejandro Dellien Velasco,Kaipo Marshall,Hard,0.79220176,1
2026-02-07,Alexandre Muller,Alex Molcan,Hard,0.6189356,0
2026-02-07,Arthur Rinderknech,Alex Molcan,Hard,0.68366927,1
2026-02-07,Tung Lin Wu,Benjamin Hassan,Hard,0.4099256,1
2026-02-07,Tung Lin Wu,Hady Habib,Hard,0.42767563,1
2026-02-07,Stefanos Tsitsipas,Alan Magadan,Hard,0.85538733,1
2026-02-07,Stefanos Tsitsipas,Rodrigo Pacheco Mendez,Hard,0.706437,1
2026-02-07,Khumoun Sultanov,canice Abua,Hard,0.82204574,1
2026-02-07,Soon Woo Kwon,Thiago Agustin Tirante,Hard,0.35635352,1
2026-02-07,Benjamin Hassan,Tsung Hao Huang,Hard,0.61795574,1
2026-02-07,Eero Vasa,Coleman Wong,Hard,0.23399115,0
2026-02-07,Anthony Susanto,Jean Paul Kadangah Kili,Hard,0.5671693,1
2026-02-07,Dragos Nicolae Madaras,Jiri Lehecka,Hard,0.1533604,0
2026-02-07,Yacoub Makzoume,Ammar Elamin,Hard,0.3539942,0
2026-02-07,Alex Knaff,Vladyslav Orlov,Hard,0.3942894,1
2026-02-07,Rowland Phillips,Franco Roncadelli,Hard,0.21951345,0
2026-02-07,Otto Virtanen,Coleman Wong,Hard,0.46916106,1
2026-02-07,Otto Virtanen,Siu Chi Nicholas Cheng,Hard,0.8421273,1
2026-02-07,Justin Barki,Kwami Stanislas Dussey,Hard,0.76354885,1
2026-02-07,Dhakshineswar Suresh,Jesper De Jong,Hard,0.23860067,1
2026-02-07,Dhakshineswar Suresh,Guy Den Ouden,Hard,0.29381636,1
2026-02-07,Raphael Calzi,Oleksandr Ovcharenko,Hard,0.18656176,0
2026-02-07,Philip Henning,Petar Jovanovic,Hard,0.7667673,1
2026-02-07,Philip Henning,Aleksa Krivokapic,Hard,0.8133123,1
2026-02-07,Fitriadi M Rifqi,Noah Koffi,Hard,0.7960917,1
2026-02-07,Dalibor Svrcina,Olle Wallin,Hard,0.7885526,1
2026-02-07,Oleksii Krutykh,Chris Rodesch,Hard,0.2954446,0
2026-02-07,Franco Roncadelli,Blaise Bicknell,Hard,0.55722237,1
2026-02-07,Hazem Naw,Michael Agwi,Hard,0.26808906,1
2026-02-07,Stefanos Sakellaridis,Rodrigo Pacheco Mendez,Hard,0.46447453,0
2026-02-07,Kasidit Samrej,Marko Mesarovic,Hard,0.8075012,1
2026-02-07,Blaise Bicknell,Joaquin  Aguilar Cardozo ,Hard,0.55806166,1
2026-02-07,Olle Wallin,Maxim Mrva,Hard,0.48474884,1
2026-02-07,Alec Beckley,Petar Jovanovic,Hard,0.744607,0
2026-02-07,Alec Beckley,Aleksa Krivokapic,Hard,0.7315591,1
2026-02-07,Diego Duran,Patrick Agbo Panzo,Hard,0.70851105,1
2026-02-07,Anton Shepp,Andrej Nedic,Hard,0.2679094,0
2026-02-07,Kaipo Marshall,Juan Carlos Prado Angelo,Hard,0.20609501,0
2026-02-07,Andrej Nedic,James Watt,Hard,0.7384091,0
2026-02-07,Mark Lajal,Steyn Dippenaar,Hard,0.8366912,1
2026-02-07,Maximus Jones,Yannik Alvarez,Hard,0.7698642,1
2026-02-07,Peter Buldorini,Taym Al Azmeh,Hard,0.5383494,1
2026-02-07,Michael Agwi,Taym Al Azmeh,Hard,0.6161908,0
2026-02-07,Pawit Sornlaksup,Marko Mesarovic,Hard,0.72283036,1
2026-02-07,Amar Huseinovic,Melios Efstathiou,Hard,0.41865355,0
2026-02-07,Markus Molder,Codie Schalk Van Schalkwyk,Hard,0.7340372,1
2026-02-07,Abdulaziz Usmonjonov,Daniel Adeleye,Hard,0.5010126,0
2026-02-07,Ilya Ignatov,Daniel Adeleye,Hard,0.47958592,0
2026-02-07,Sten Hiiesalu,Ruben Yssel,Hard,0.49659637,1
2026-02-07,Konstantinos Megalemos,Marko Aleksovski,Hard,0.49659637,1
2026-02-09,Federico Coria,Matteo Berrettini,Clay,0.18672165,0
2026-02-09,Damir Dzumhur,Hugo Dellien,Clay,0.6398308,0
2026-02-09,Hugo Dellien,Francisco Cerundolo,Clay,0.18913156,0
2026-02-09,Laslo Djere,Roman Andres Burruchaga,Clay,0.5882487,0
2026-02-09,Pedro Martinez,Juan Manuel Cerundolo,Clay,0.5045242,1
2026-02-09,Pedro Martinez,Luciano Darderi,Clay,0.31953457,0
2026-02-09,Pedro Martinez,Lautaro Midon,Clay,0.7013103,1
2026-02-09,Alejandro Tabilo,Tomas Martin Etcheverry,Clay,0.4391032,0
2026-02-09,Alejandro Tabilo,Facundo Diaz Acosta,Clay,0.60530347,1
2026-02-09,Alejandro Tabilo,Joao Fonseca,Clay,0.35325882,1
2026-02-09,Andrea Pellegrino,Tomas Martin Etcheverry,Clay,0.39345196,0
2026-02-09,Matteo Berrettini,Vit Kopriva,Clay,0.7311035,0
2026-02-09,Daniel Altmaier,Juan Manuel Cerundolo,Clay,0.56783265,0
2026-02-09,Tomas Barrios Vera,Thiago Seyboth Wild,Clay,0.46820918,1
2026-02-09,Tomas Barrios Vera,Luciano Darderi,Clay,0.24639852,0
2026-02-09,Tomas Martin Etcheverry,Francisco Cerundolo,Clay,0.3750325,0
2026-02-09,Tomas Martin Etcheverry,Roman Andres Burruchaga,Clay,0.5994736,1
2026-02-09,Camilo Ugo Carabelli,Sebastian Baez,Clay,0.3649537,0
2026-02-09,Camilo Ugo Carabelli,Francisco Comesana,Clay,0.52832264,1
2026-02-09,Camilo Ugo Carabelli,Mariano Navone,Clay,0.48896822,1
2026-02-09,Vit Kopriva,Francisco Cerundolo,Clay,0.25573966,0
2026-02-09,Vit Kopriva,Alex Barrena,Clay,0.5945777,1
2026-02-09,Francisco Cerundolo,Luciano Darderi,Clay,0.60830593,1
2026-02-09,Sebastian Baez,Luciano Darderi,Clay,0.46127748,0
2026-02-09,Sebastian Baez,Ignacio Buse,Clay,0.58787525,1
2026-02-09,Emilio Nava,Mariano Navone,Clay,0.4484359,0
2026-02-09,Francesco Passaro,Ignacio Buse,Clay,0.42191863,0
2026-02-09,Stan Wawrinka,Alex De Minaur,Hard,0.15037808,0
2026-02-09,Stan Wawrinka,Thijs Boogaard,Hard,0.8585631,1
2026-02-09,Roberto Bautista Agut,Cameron Norrie,Hard,0.36538786,0
2026-02-09,Adrian Mannarino,Adam Walton,Hard,0.6500463,1
2026-02-09,Adrian Mannarino,Ben Shelton,Hard,0.27169022,0
2026-02-09,Marin Cilic,Taylor Fritz,Hard,0.2709375,0
2026-02-09,Marin Cilic,Jack Pinnington Jones,Hard,0.6776834,1
2026-02-09,Marin Cilic,Ethan Quinn,Hard,0.5631666,1
2026-02-09,Marin Cilic,Learner Tien,Hard,0.3257643,1
2026-02-09,Jan Lennard Struff,Alexander Bublik,Hard,0.25282657,0
2026-02-09,Jan Lennard Struff,Hugo Grenier,Hard,0.6564026,1
2026-02-09,Grigor Dimitrov,Alex Michelsen,Hard,0.6166291,0
2026-02-09,James Duckworth,Eliot Spizzirri,Hard,0.45761988,0
2026-02-09,Marton Fucsovics,Guy Den Ouden,Hard,0.6654904,0
2026-02-09,Marcos Giron,Taylor Fritz,Hard,0.23198861,0
2026-02-09,Christopher Oconnell,Cameron Norrie,Hard,0.28785288,1
2026-02-09,Christopher Oconnell,Ugo Humbert,Hard,0.28679124,0
2026-02-09,Christopher Oconnell,Valentin Royer,Hard,0.48417562,1
2026-02-09,Daniil Medvedev,Ugo Humbert,Hard,0.67586917,0
2026-02-09,Quentin Halys,Tallon Griekspoor,Hard,0.37243637,0
2026-02-09,Quentin Halys,Mees Rottgering,Hard,0.7773149,1
2026-02-09,Karen Khachanov,Jaume Munar,Hard,0.5895059,0
2026-02-09,Karen Khachanov,Jesper De Jong,Hard,0.6558925,1
2026-02-09,Botic Van De Zandschulp,Stefanos Tsitsipas,Hard,0.40263805,1
2026-02-09,Botic Van De Zandschulp,Alex De Minaur,Hard,0.20121638,0
2026-02-09,Botic Van De Zandschulp,Luka Pavlovic,Hard,0.72144216,1
2026-02-09,Alexander Bublik,Hubert Hurkacz,Hard,0.5921175,1
2026-02-09,Alexander Bublik,Jaume Munar,Hard,0.6716691,1
2026-02-09,Alexander Bublik,Felix Auger Aliassime,Hard,0.3727668,0
2026-02-09,Taylor Fritz,Sebastian Korda,Hard,0.6816254,1
2026-02-09,Taylor Fritz,Brandon Nakashima,Hard,0.73381925,1
2026-02-09,Taylor Fritz,Ben Shelton,Hard,0.5171752,0
2026-02-09,Tommy Paul,Miomir Kecmanovic,Hard,0.73363876,0
2026-02-09,Tommy Paul,Jenson Brooksby,Hard,0.6213452,1
2026-02-09,Frances Tiafoe,Sebastian Korda,Hard,0.55188656,0
2026-02-09,Frances Tiafoe,Terence Atmane,Hard,0.7371232,1
2026-02-09,Arthur Rinderknech,Stefanos Tsitsipas,Hard,0.5498701,0
2026-02-09,Denis Shapovalov,Alejandro Davidovich Fokina,Hard,0.3940321,1
2026-02-09,Denis Shapovalov,Aleksandar Kovacevic,Hard,0.72685343,1
2026-02-09,Denis Shapovalov,Ben Shelton,Hard,0.30014282,0
2026-02-09,Denis Shapovalov,Rafael Jodar,Hard,0.6763221,1
2026-02-09,Tallon Griekspoor,Felix Auger Aliassime,Hard,0.22041234,0
2026-02-09,Tallon Griekspoor,Giovanni Mpetshi Perricard,Hard,0.565776,1
2026-02-09,Jaume Munar,Nicolai Budkov Kjaer,Hard,0.70677555,1
2026-02-09,Felix Auger Aliassime,Alex De Minaur,Hard,0.4982497,0
2026-02-09,Felix Auger Aliassime,Alexei Popyrin,Hard,0.8356697,1
2026-02-09,Felix Auger Aliassime,Hamad Medjedovic,Hard,0.7665298,1
2026-02-09,Ugo Humbert,Alex De Minaur,Hard,0.27810907,0
2026-02-09,Ugo Humbert,Guy Den Ouden,Hard,0.7447947,1
2026-02-09,Miomir Kecmanovic,Sho Shimabukuro,Hard,0.5993349,1
2026-02-09,Miomir Kecmanovic,Ben Shelton,Hard,0.2467727,0
2026-02-09,Alejandro Davidovich Fokina,Zachary Svajda,Hard,0.7797926,1
2026-02-09,Alejandro Davidovich Fokina,Alex Michelsen,Hard,0.63960373,1
2026-02-09,Zizou Bergs,Hamad Medjedovic,Hard,0.566439,0
2026-02-09,Alex De Minaur,Arthur Fils,Hard,0.7282032,1
2026-02-09,Patrick Kypson,Aleksandar Kovacevic,Hard,0.48216885,0
2026-02-09,Sebastian Korda,Michael Zheng,Hard,0.72225666,1
2026-02-09,Brandon Nakashima,Mattia Bellucci,Hard,0.6713283,1
2026-02-09,Flavio Cobolli,Jack Pinnington Jones,Hard,0.7162636,0
2026-02-09,Eliot Spizzirri,Jack Pinnington Jones,Hard,0.65153193,0
2026-02-09,Gabriel Diallo,Ben Shelton,Hard,0.2238907,0
2026-02-09,Ethan Quinn,Trevor Svajda,Hard,0.7338611,1
2026-02-16,Dusan Lajovic,Matteo Berrettini,Clay,0.23171291,0
2026-02-16,Dusan Lajovic,Daniel Altmaier,Clay,0.4388463,1
2026-02-16,Yannick Hanfmann,Joao Lucas Reis Da Silva,Clay,0.7250335,1
2026-02-16,Yannick Hanfmann,Juan Manuel Cerundolo,Clay,0.6054218,0
2026-02-16,Damir Dzumhur,Pedro Martinez,Clay,0.48171023,1
2026-02-16,Damir Dzumhur,Jaime Faria,Clay,0.5543499,0
2026-02-16,Thiago Monteiro,Joao Fonseca,Clay,0.3070005,0
2026-02-16,Cristian Garin,Thiago Agustin Tirante,Clay,0.5539578,0
2026-02-16,Alejandro Tabilo,Tomas Martin Etcheverry,Clay,0.43272042,0
2026-02-16,Alejandro Tabilo,Thiago Agustin Tirante,Clay,0.5638173,1
2026-02-16,Alejandro Tabilo,Emilio Nava,Clay,0.6070446,1
2026-02-16,Alejandro Tabilo,Francesco Passaro,Clay,0.6453177,1
2026-02-16,Alejandro Tabilo,Ignacio Buse,Clay,0.5102366,1
2026-02-16,Matteo Berrettini,Tomas Barrios Vera,Clay,0.757217,1
2026-02-16,Matteo Berrettini,Ignacio Buse,Clay,0.69761133,0
2026-02-16,Igor Ribeiro Marcondes,Ignacio Buse,Clay,0.21622518,0
2026-02-16,Tomas Martin Etcheverry,Vit Kopriva,Clay,0.59562427,1
2026-02-16,Tomas Martin Etcheverry,Francisco Comesana,Clay,0.5840017,1
2026-02-16,Tomas Martin Etcheverry,Vilius Gaubas,Clay,0.62116545,1
2026-02-16,Tomas Martin Etcheverry,Jaime Faria,Clay,0.7003985,1
2026-02-16,Camilo Ugo Carabelli,Roman Andres Burruchaga,Clay,0.55491596,0
2026-02-16,Vit Kopriva,Juan Manuel Cerundolo,Clay,0.48073167,1
2026-02-16,Vit Kopriva,Gustavo Heide,Clay,0.5988804,1
2026-02-16,Vit Kopriva,Roman Andres Burruchaga,Clay,0.54676765,1
2026-02-16,Thiago Agustin Tirante,Francisco Cerundolo,Clay,0.26614147,1
2026-02-16,Francisco Cerundolo,Mariano Navone,Clay,0.7264942,1
2026-02-16,Sebastian Baez,Jaime Faria,Clay,0.72860914,0
2026-02-16,Juan Manuel Cerundolo,Luciano Darderi,Clay,0.36467734,1
2026-02-16,Francesco Passaro,Dino Prizmic,Clay,0.43151054,1
2026-02-16,Vilius Gaubas,Luis Guto Miguel,Clay,0.8500264,1
2026-02-16,Ignacio Buse,Joao Fonseca,Clay,0.34151033,1
2026-02-16,Marin Cilic,Brandon Nakashima,Hard,0.43181664,0
2026-02-16,Pierre Hugues Herbert,Valentin Royer,Hard,0.43168294,0
2026-02-16,Pablo Carreno Busta,Quentin Halys,Hard,0.5754194,0
2026-02-16,Marton Fucsovics,Karen Khachanov,Hard,0.38902172,0
2026-02-16,Marton Fucsovics,Hady Habib,Hard,0.6745726,1
2026-02-16,Roberto Carballes Baena,Zhizhen Zhang,Hard,0.676061,0
2026-02-16,Marcos Giron,Casper Ruud,Hard,0.33350825,0
2026-02-16,Marcos Giron,Sho Shimabukuro,Hard,0.66185886,1
2026-02-16,Daniil Medvedev,Stefanos Tsitsipas,Hard,0.70345134,0
2026-02-16,Daniil Medvedev,Juncheng Shang,Hard,0.7973616,1
2026-02-16,Zhizhen Zhang,Jakub Mensik,Hard,0.20153037,0
2026-02-16,Mackenzie Mcdonald,Sebastian Korda,Hard,0.31493807,0
2026-02-16,Quentin Halys,Arthur Fils,Hard,0.24617505,0
2026-02-16,Karen Khachanov,Carlos Alcaraz,Hard,0.13060777,0
2026-02-16,Karen Khachanov,Shintaro Mochizuki,Hard,0.8258153,1
2026-02-16,Kamil Majchrzak,Arthur Fils,Hard,0.3324833,0
2026-02-16,Moez Echargui,Stefanos Tsitsipas,Hard,0.32126227,0
2026-02-16,Mubarak Shannan Zayid,Alexei Popyrin,Hard,0.13391836,0
2026-02-16,Jan Choinski,Jakub Mensik,Hard,0.15093662,0
2026-02-16,Andrey Rublev,Stefanos Tsitsipas,Hard,0.5811257,1
2026-02-16,Andrey Rublev,Fabian Marozsan,Hard,0.61917365,1
2026-02-16,Andrey Rublev,Jesper De Jong,Hard,0.71896946,1
2026-02-16,Andrey Rublev,Carlos Alcaraz,Hard,0.14233093,0
2026-02-16,Taylor Fritz,Tommy Paul,Hard,0.6104091,0
2026-02-16,Taylor Fritz,Rafael Jodar,Hard,0.7782859,1
2026-02-16,Tommy Paul,Corentin Moutet,Hard,0.60336417,1
2026-02-16,Tommy Paul,Adam Walton,Hard,0.80437285,1
2026-02-16,Tommy Paul,Sebastian Korda,Hard,0.5997643,0
2026-02-16,Tommy Paul,Learner Tien,Hard,0.48832062,1
2026-02-16,Frances Tiafoe,Rinky Hijikata,Hard,0.7035572,1
2026-02-16,Frances Tiafoe,Zachary Svajda,Hard,0.74913627,1
2026-02-16,Frances Tiafoe,Learner Tien,Hard,0.43058312,0
2026-02-16,Arthur Rinderknech,Carlos Alcaraz,Hard,0.094650686,0
2026-02-16,Nuno Borges,Coleman Wong,Hard,0.5945221,0
2026-02-16,Casper Ruud,Sebastian Korda,Hard,0.5802215,0
2026-02-16,Ugo Humbert,Fabian Marozsan,Hard,0.5899419,0
2026-02-16,Miomir Kecmanovic,Mattia Bellucci,Hard,0.5521105,1
2026-02-16,Miomir Kecmanovic,Learner Tien,Hard,0.34826502,0
2026-02-16,Zizou Bergs,Jiri Lehecka,Hard,0.36148402,0
2026-02-16,Zizou Bergs,Giovanni Mpetshi Perricard,Hard,0.5836698,1
2026-02-16,Adam Walton,Gabriel Diallo,Hard,0.3449119,1
2026-02-16,Valentin Vacherot,Alex Michelsen,Hard,0.63508373,0
2026-02-16,Patrick Kypson,Terence Atmane,Hard,0.46322867,0
2026-02-16,Alexei Popyrin,Jannik Sinner,Hard,0.09425966,0
2026-02-16,Sebastian Korda,Flavio Cobolli,Hard,0.532903,1
2026-02-16,Sebastian Korda,Alex Michelsen,Hard,0.5492547,1
2026-02-16,Jenson Brooksby,Jiri Lehecka,Hard,0.36084095,0
2026-02-16,Jannik Sinner,Tomas Machac,Hard,0.89891094,1
2026-02-16,Jannik Sinner,Jakub Mensik,Hard,0.8935771,0
2026-02-16,Aleksandar Kovacevic,Zachary Svajda,Hard,0.5571132,0
2026-02-16,Brandon Nakashima,Coleman Wong,Hard,0.6266222,0
2026-02-16,Flavio Cobolli,Terence Atmane,Hard,0.67274874,1
2026-02-16,Flavio Cobolli,Coleman Wong,Hard,0.62825406,1
2026-02-16,Carlos Alcaraz,Valentin Royer,Hard,0.89971995,1
2026-02-16,Carlos Alcaraz,Arthur Fils,Hard,0.8965459,1
2026-02-16,Jiri Lehecka,Arthur Fils,Hard,0.5731048,0
2026-02-16,Arthur Fils,Jakub Mensik,Hard,0.45798454,1
2026-02-16,Ethan Quinn,Rafael Jodar,Hard,0.55912673,0
2026-02-23,Dusan Lajovic,Yannick Hanfmann,Clay,0.35559294,0
2026-02-23,Yannick Hanfmann,Camilo Ugo Carabelli,Clay,0.5977247,1
2026-02-23,Yannick Hanfmann,Francisco Cerundolo,Clay,0.3472857,1
2026-02-23,Yannick Hanfmann,Vilius Gaubas,Clay,0.61423236,1
2026-02-23,Yannick Hanfmann,Luciano Darderi,Clay,0.4180988,0
2026-02-23,Cristian Garin,Sebastian Baez,Clay,0.40904498,0
2026-02-23,Cristian Garin,Juan Manuel Cerundolo,Clay,0.5297308,1
2026-02-23,Nicolas Jarry,Dino Prizmic,Clay,0.56897974,0
2026-02-23,Pedro Martinez,Francisco Comesana,Clay,0.50606424,0
2026-02-23,Alejandro Tabilo,Tomas Barrios Vera,Clay,0.6740442,1
2026-02-23,Alejandro Tabilo,Thiago Agustin Tirante,Clay,0.5655823,1
2026-02-23,Alejandro Tabilo,Sebastian Baez,Clay,0.49586067,0
2026-02-23,Andrea Pellegrino,Francisco Comesana,Clay,0.42498624,1
2026-02-23,Andrea Pellegrino,Luciano Darderi,Clay,0.24326621,0
2026-02-23,Andrea Pellegrino,Alex Barrena,Clay,0.5460652,1
2026-02-23,Matteo Berrettini,Emilio Nava,Clay,0.7294131,0
2026-02-23,Vit Kopriva,Mariano Navone,Clay,0.43884206,0
2026-02-23,Thiago Agustin Tirante,Ignacio Buse,Clay,0.4367991,1
2026-02-23,Francisco Cerundolo,Emilio Nava,Clay,0.7412194,1
2026-02-23,Francisco Cerundolo,Elmer Moller,Clay,0.73510844,1
2026-02-23,Sebastian Baez,Luciano Darderi,Clay,0.4216832,0
2026-02-23,Matias Soto,Vilius Gaubas,Clay,0.30702367,0
2026-02-23,Emilio Nava,Adolfo Daniel Vallejo,Clay,0.51125544,1
2026-02-23,Mariano Navone,Luciano Darderi,Clay,0.36198,0
2026-02-23,Francesco Passaro,Adolfo Daniel Vallejo,Clay,0.4917613,0
2026-02-23,Roman Andres Burruchaga,Elmer Moller,Clay,0.5155368,0
2026-02-23,Vilius Gaubas,Dino Prizmic,Clay,0.5233748,1
2026-02-23,Alexander Zverev,Corentin Moutet,Hard,0.7762229,1
2026-02-23,Alexander Zverev,Miomir Kecmanovic,Hard,0.8290325,0
2026-02-23,Stan Wawrinka,Daniil Medvedev,Hard,0.16520073,0
2026-02-23,Stan Wawrinka,Benjamin Hassan,Hard,0.54759353,1
2026-02-23,Gael Monfils,Damir Dzumhur,Hard,0.6272739,1
2026-02-23,Gael Monfils,Valentin Vacherot,Hard,0.41362616,0
2026-02-23,Adrian Mannarino,Sho Shimabukuro,Hard,0.68984854,0
2026-02-23,Jan Lennard Struff,Alexander Bublik,Hard,0.23797537,0
2026-02-23,Grigor Dimitrov,Terence Atmane,Hard,0.7316899,0
2026-02-23,Pablo Carreno Busta,Denis Shapovalov,Hard,0.3482977,1
2026-02-23,Pablo Carreno Busta,Jiri Lehecka,Hard,0.27214435,0
2026-02-23,James Duckworth,Dalibor Svrcina,Hard,0.50881183,0
2026-02-23,Daniil Medvedev,Tallon Griekspoor,Hard,0.7300269,1
2026-02-23,Daniil Medvedev,Felix Auger Aliassime,Hard,0.4162049,1
2026-02-23,Daniil Medvedev,Jenson Brooksby,Hard,0.73674256,1
2026-02-23,Daniil Medvedev,Juncheng Shang,Hard,0.7976036,1
2026-02-23,Zhizhen Zhang,Felix Auger Aliassime,Hard,0.157717,0
2026-02-23,Elias Ymer,Brandon Nakashima,Hard,0.26817432,0
2026-02-23,Quentin Halys,Jack Draper,Hard,0.15915649,0
2026-02-23,Karen Khachanov,Jenson Brooksby,Hard,0.57934976,0
2026-02-23,Karen Khachanov,Alexander Shevchenko,Hard,0.66720617,1
2026-02-23,Kamil Majchrzak,Alexei Popyrin,Hard,0.48998684,0
2026-02-23,Cameron Norrie,Rafael Jodar,Hard,0.7420481,0
2026-02-23,Moez Echargui,Giovanni Mpetshi Perricard,Hard,0.3954229,0
2026-02-23,Alexander Bublik,Tallon Griekspoor,Hard,0.708923,0
2026-02-23,Andrey Rublev,Arthur Rinderknech,Hard,0.5912085,1
2026-02-23,Andrey Rublev,Tallon Griekspoor,Hard,0.6114348,0
2026-02-23,Andrey Rublev,Ugo Humbert,Hard,0.538793,1
2026-02-23,Andrey Rublev,Valentin Royer,Hard,0.7215127,1
2026-02-23,Frances Tiafoe,Nuno Borges,Hard,0.5738744,1
2026-02-23,Frances Tiafoe,Aleksandar Kovacevic,Hard,0.7159712,1
2026-02-23,Frances Tiafoe,Brandon Nakashima,Hard,0.5105859,1
2026-02-23,Frances Tiafoe,Flavio Cobolli,Hard,0.48115957,0
2026-02-23,Frances Tiafoe,Mattia Bellucci,Hard,0.6967472,1
2026-02-23,Arthur Rinderknech,Fabian Marozsan,Hard,0.54471076,1
2026-02-23,Arthur Rinderknech,Jack Draper,Hard,0.26530734,1
2026-02-23,Stefanos Tsitsipas,Ugo Humbert,Hard,0.48535648,0
2026-02-23,Daniel Altmaier,Alejandro Davidovich Fokina,Hard,0.27467635,0
2026-02-23,Hubert Hurkacz,Jakub Mensik,Hard,0.40661678,0
2026-02-23,Casper Ruud,Yibing Wu,Hard,0.7510181,0
2026-02-23,Tallon Griekspoor,Otto Virtanen,Hard,0.64077014,1
2026-02-23,Tallon Griekspoor,Jakub Mensik,Hard,0.370164,1
2026-02-23,Felix Auger Aliassime,Jiri Lehecka,Hard,0.6333009,1
2026-02-23,Felix Auger Aliassime,Giovanni Mpetshi Perricard,Hard,0.8117948,1
2026-02-23,Yibing Wu,Sho Shimabukuro,Hard,0.6558898,1
2026-02-23,Yibing Wu,Flavio Cobolli,Hard,0.34714788,0
2026-02-23,Miomir Kecmanovic,Flavio Cobolli,Hard,0.4344209,0
2026-02-23,Miomir Kecmanovic,Tristan Schoolkate,Hard,0.5958133,1
2026-02-23,Miomir Kecmanovic,Terence Atmane,Hard,0.5924664,1
2026-02-23,Alejandro Davidovich Fokina,Mattia Bellucci,Hard,0.74827737,0
2026-02-23,Zizou Bergs,Jenson Brooksby,Hard,0.5450167,0
2026-02-23,Alex De Minaur,Patrick Kypson,Hard,0.84418195,0
2026-02-23,Adam Walton,Aleksandar Kovacevic,Hard,0.49978074,0
2026-02-23,Valentin Vacherot,Brandon Nakashima,Hard,0.5895646,0
2026-02-23,Valentin Vacherot,Coleman Wong,Hard,0.6446105,1
2026-02-23,Patrick Kypson,Brandon Nakashima,Hard,0.26434565,0
2026-02-23,Alexei Popyrin,Jakub Mensik,Hard,0.26686755,0
2026-02-23,Dalibor Svrcina,Flavio Cobolli,Hard,0.37423694,0
2026-02-23,Flavio Cobolli,Rodrigo Pacheco Mendez,Hard,0.7652258,1
2026-02-23,Rinky Hijikata,Mattia Bellucci,Hard,0.4904873,0
2026-02-23,Jiri Lehecka,Luca Nardi,Hard,0.762037,1
2026-02-23,Terence Atmane,Rafael Jodar,Hard,0.5419407,1
2026-03-04,Alexander Zverev,Frances Tiafoe,Hard,0.76207995,1
2026-03-04,Alexander Zverev,Matteo Berrettini,Hard,0.74840105,1
2026-03-04,Alexander Zverev,Jannik Sinner,Hard,0.16965868,0
2026-03-04,Alexander Zverev,Brandon Nakashima,Hard,0.7656958,1
2026-03-04,Alexander Zverev,Arthur Fils,Hard,0.6577472,1
2026-03-04,Martin Damm,Camilo Ugo Carabelli,Hard,0.5103088,0
2026-03-04,Gael Monfils,Felix Auger Aliassime,Hard,0.17202689,0
2026-03-04,Gael Monfils,Alexis Galarneau,Hard,0.6490806,1
2026-03-04,Novak Djokovic,Kamil Majchrzak,Hard,0.8533332,1
2026-03-04,Novak Djokovic,Aleksandar Kovacevic,Hard,0.870979,1
2026-03-04,Novak Djokovic,Jack Draper,Hard,0.7450175,0
2026-03-04,Roberto Bautista Agut,Fabian Marozsan,Hard,0.3951059,1
2026-03-04,Roberto Bautista Agut,Jack Draper,Hard,0.24266145,0
2026-03-04,Adrian Mannarino,Matteo Berrettini,Hard,0.40268853,0
2026-03-04,Marin Cilic,Zachary Svajda,Hard,0.6972206,0
2026-03-04,Jan Lennard Struff,Zizou Bergs,Hard,0.4565532,0
2026-03-04,Grigor Dimitrov,Carlos Alcaraz,Hard,0.11340559,0
2026-03-04,Grigor Dimitrov,Terence Atmane,Hard,0.7209793,1
2026-03-04,James Duckworth,Dalibor Svrcina,Hard,0.4839486,0
2026-03-04,Marton Fucsovics,Christopher Oconnell,Hard,0.56811446,1
2026-03-04,Marton Fucsovics,Lorenzo Musetti,Hard,0.2522845,1
2026-03-04,Marton Fucsovics,Arthur Fils,Hard,0.3294443,0
2026-03-04,Damir Dzumhur,Jacob Fearnley,Hard,0.4723429,0
2026-03-04,Marcos Giron,Mariano Navone,Hard,0.64743173,1
2026-03-04,Marcos Giron,Jakub Mensik,Hard,0.32871726,0
2026-03-04,Daniil Medvedev,Alejandro Tabilo,Hard,0.77572286,1
2026-03-04,Daniil Medvedev,Sebastian Baez,Hard,0.77485317,1
2026-03-04,Daniil Medvedev,Jannik Sinner,Hard,0.15104361,0
2026-03-04,Daniil Medvedev,Jack Draper,Hard,0.48538667,1
2026-03-04,Daniil Medvedev,Carlos Alcaraz,Hard,0.16902636,1
2026-03-04,Daniil Medvedev,Alex Michelsen,Hard,0.7381061,1
2026-03-04,Mackenzie Mcdonald,Cameron Norrie,Hard,0.2932758,0
2026-03-04,Mackenzie Mcdonald,Matteo Arnaldi,Hard,0.42615494,1
2026-03-04,Quentin Halys,Adam Walton,Hard,0.50295824,0
2026-03-04,Karen Khachanov,Joao Fonseca,Hard,0.5370737,0
2026-03-04,Kamil Majchrzak,Giovanni Mpetshi Perricard,Hard,0.49897784,1
2026-03-04,Cameron Norrie,Alex De Minaur,Hard,0.21747564,1
2026-03-04,Cameron Norrie,Carlos Alcaraz,Hard,0.12706295,0
2026-03-04,Cameron Norrie,Rinky Hijikata,Hard,0.7099905,1
2026-03-04,Botic Van De Zandschulp,Juan Manuel Cerundolo,Hard,0.63552487,0
2026-03-04,Alexander Bublik,Vit Kopriva,Hard,0.7503813,1
2026-03-04,Alexander Bublik,Rinky Hijikata,Hard,0.79435587,0
2026-03-04,Reilly Opelka,Ben Shelton,Hard,0.22153041,0
2026-03-04,Reilly Opelka,Ethan Quinn,Hard,0.5717792,1
2026-03-04,Andrey Rublev,Gabriel Diallo,Hard,0.7175201,0
2026-03-04,Benjamin Bonzi,Francisco Cerundolo,Hard,0.33630738,0
2026-03-04,Benjamin Bonzi,Valentin Royer,Hard,0.50790626,1
2026-03-04,Taylor Fritz,Jacob Fearnley,Hard,0.77850574,1
2026-03-04,Taylor Fritz,Alex Michelsen,Hard,0.7363477,0
2026-03-04,Tommy Paul,Zizou Bergs,Hard,0.68810695,1
2026-03-04,Tommy Paul,Joao Fonseca,Hard,0.57843804,0
2026-03-04,Frances Tiafoe,Jenson Brooksby,Hard,0.54034173,1
2026-03-04,Frances Tiafoe,Flavio Cobolli,Hard,0.49927846,1
2026-03-04,Alejandro Tabilo,Rafael Jodar,Hard,0.60298526,1
2026-03-04,Arthur Rinderknech,Juan Manuel Cerundolo,Hard,0.697263,1
2026-03-04,Arthur Rinderknech,Carlos Alcaraz,Hard,0.09707364,0
2026-03-04,Stefanos Tsitsipas,Denis Shapovalov,Hard,0.462062,0
2026-03-04,Daniel Altmaier,Miomir Kecmanovic,Hard,0.4734056,0
2026-03-04,Hubert Hurkacz,Aleksandar Kovacevic,Hard,0.6555032,0
2026-03-04,Nuno Borges,Valentin Vacherot,Hard,0.37434536,0
2026-03-04,Nuno Borges,Emilio Nava,Hard,0.61740255,1
2026-03-04,Denis Shapovalov,Tomas Martin Etcheverry,Hard,0.5758137,1
2026-03-04,Denis Shapovalov,Jannik Sinner,Hard,0.094573066,0
2026-03-04,Casper Ruud,Valentin Vacherot,Hard,0.57068205,1
2026-03-04,Casper Ruud,Alexander Shevchenko,Hard,0.749406,1
2026-03-04,Casper Ruud,Carlos Alcaraz,Hard,0.1481751,0
2026-03-04,Corentin Moutet,Aleksandar Kovacevic,Hard,0.6755631,0
2026-03-04,Felix Auger Aliassime,Gabriel Diallo,Hard,0.7720587,1
2026-03-04,Felix Auger Aliassime,Arthur Fils,Hard,0.6506599,0
2026-03-04,Ugo Humbert,Alex Michelsen,Hard,0.58504313,0
2026-03-04,Camilo Ugo Carabelli,Brandon Nakashima,Hard,0.29493174,0
2026-03-04,Miomir Kecmanovic,Flavio Cobolli,Hard,0.4154145,0
2026-03-04,Alejandro Davidovich Fokina,Zachary Svajda,Hard,0.7608964,1
2026-03-04,Alejandro Davidovich Fokina,Jakub Mensik,Hard,0.48408028,1
2026-03-04,Alejandro Davidovich Fokina,Learner Tien,Hard,0.52853066,0
2026-03-04,Vit Kopriva,Michael Zheng,Hard,0.5282867,1
2026-03-04,Alex De Minaur,Sebastian Korda,Hard,0.6612896,1
2026-03-04,Adam Walton,Learner Tien,Hard,0.24011359,0
2026-03-04,Alexei Popyrin,Jenson Brooksby,Hard,0.44884568,0
2026-03-04,Sebastian Korda,Francisco Comesana,Hard,0.70366716,1
2026-03-04,Sho Shimabukuro,Alexander Shevchenko,Hard,0.4116691,0
2026-03-04,Francisco Cerundolo,Jack Draper,Hard,0.3741687,0
2026-03-04,Sebastian Baez,Chun Hsin Tseng,Hard,0.7401754,1
2026-03-04,Sebastian Baez,Jiri Lehecka,Hard,0.28115404,1
2026-03-04,Jannik Sinner,Dalibor Svrcina,Hard,0.91766,1
2026-03-04,Jannik Sinner,Learner Tien,Hard,0.8836629,1
2026-03-04,Jannik Sinner,Joao Fonseca,Hard,0.88301396,1
2026-03-04,Rinky Hijikata,Francesco Maestrelli,Hard,0.5194689,1
2026-03-04,Rinky Hijikata,Luciano Darderi,Hard,0.38216808,1
2026-03-04,Mattia Bellucci,Gabriel Diallo,Hard,0.38953143,0
2026-03-04,Tristan Schoolkate,Dino Prizmic,Hard,0.52747303,0
2026-03-04,Raphael Collignon,Joao Fonseca,Hard,0.3745635,0
2026-03-04,Arthur Fils,Dino Prizmic,Hard,0.78856575,1
2026-03-04,Daniel Merida Aguilar,Alex Michelsen,Hard,0.21376458,0
2026-03-04,Ben Shelton,Learner Tien,Hard,0.6264874,0
2026-03-18,Alexander Zverev,Martin Damm,Hard,0.8296155,1
2026-03-18,Alexander Zverev,Marin Cilic,Hard,0.791896,1
2026-03-18,Alexander Zverev,Quentin Halys,Hard,0.8304151,1
2026-03-18,Alexander Zverev,Francisco Cerundolo,Hard,0.76265913,1
2026-03-18,Alexander Zverev,Jannik Sinner,Hard,0.17538497,0
2026-03-18,Martin Damm,Jacob Fearnley,Hard,0.4640953,1
2026-03-18,Roberto Bautista Agut,James Duckworth,Hard,0.58725566,1
2026-03-18,Roberto Bautista Agut,Karen Khachanov,Hard,0.36763042,0
2026-03-18,Adrian Mannarino,Zhizhen Zhang,Hard,0.72463125,1
2026-03-18,Adrian Mannarino,Tommy Paul,Hard,0.27500597,0
2026-03-18,Marin Cilic,Alexei Popyrin,Hard,0.5045992,1
2026-03-18,Marin Cilic,Brandon Nakashima,Hard,0.41149175,1
2026-03-18,Jan Lennard Struff,Darwin Blanch,Hard,0.7478569,0
2026-03-18,Grigor Dimitrov,Raphael Collignon,Hard,0.6136779,0
2026-03-18,Yannick Hanfmann,Rafael Jodar,Hard,0.63982826,0
2026-03-18,Marton Fucsovics,Christopher Oconnell,Hard,0.59877956,1
2026-03-18,Marton Fucsovics,Felix Auger Aliassime,Hard,0.2156019,0
2026-03-18,Nikoloz Basilashvili,Mariano Navone,Hard,0.48994058,0
2026-03-18,Damir Dzumhur,Jannik Sinner,Hard,0.09216988,0
2026-03-18,Damir Dzumhur,Ignacio Buse,Hard,0.42683834,1
2026-03-18,Marcos Giron,Martin Landaluce,Hard,0.70040613,0
2026-03-18,Daniil Medvedev,Francisco Cerundolo,Hard,0.7176032,0
2026-03-18,Daniil Medvedev,Rei Sakamoto,Hard,0.8547041,1
2026-03-18,Quentin Halys,Kamil Majchrzak,Hard,0.4013069,1
2026-03-18,Quentin Halys,Alejandro Davidovich Fokina,Hard,0.23094669,1
2026-03-18,Quentin Halys,Liam Draxl,Hard,0.5350785,1
2026-03-18,Karen Khachanov,Martin Landaluce,Hard,0.7476891,0
2026-03-18,Kamil Majchrzak,Miomir Kecmanovic,Hard,0.5024396,1
2026-03-18,Kamil Majchrzak,Learner Tien,Hard,0.29022726,1
2026-03-18,Cameron Norrie,Alex Michelsen,Hard,0.5340843,0
2026-03-18,Botic Van De Zandschulp,Taylor Fritz,Hard,0.24879281,0
2026-03-18,Botic Van De Zandschulp,Denis Shapovalov,Hard,0.38770074,1
2026-03-18,Alexander Bublik,Matteo Berrettini,Hard,0.641205,0
2026-03-18,Alexandre Muller,Matteo Berrettini,Hard,0.38618854,0
2026-03-18,Reilly Opelka,Taylor Fritz,Hard,0.2571115,0
2026-03-18,Reilly Opelka,Nuno Borges,Hard,0.51944655,1
2026-03-18,Reilly Opelka,Jack Draper,Hard,0.22344624,1
2026-03-18,Andrey Rublev,Alejandro Tabilo,Hard,0.63413894,0
2026-03-18,Taylor Fritz,Jiri Lehecka,Hard,0.60494256,0
2026-03-18,Tommy Paul,Tomas Martin Etcheverry,Hard,0.6428776,1
2026-03-18,Tommy Paul,Raphael Collignon,Hard,0.7221444,1
2026-03-18,Tommy Paul,Arthur Fils,Hard,0.54405266,0
2026-03-18,Frances Tiafoe,Jannik Sinner,Hard,0.111664236,0
2026-03-18,Frances Tiafoe,Arthur Cazaux,Hard,0.64041346,1
2026-03-18,Frances Tiafoe,Terence Atmane,Hard,0.721613,1
2026-03-18,Frances Tiafoe,Jakub Mensik,Hard,0.40641126,1
2026-03-18,Alejandro Tabilo,Francisco Comesana,Hard,0.56787366,1
2026-03-18,Alejandro Tabilo,Alex Michelsen,Hard,0.43854216,0
2026-03-18,Arthur Rinderknech,Terence Atmane,Hard,0.69157577,0
2026-03-18,Matteo Berrettini,Valentin Vacherot,Hard,0.45061672,0
2026-03-18,Stefanos Tsitsipas,Alex De Minaur,Hard,0.24449041,1
2026-03-18,Stefanos Tsitsipas,Arthur Fery,Hard,0.76120317,1
2026-03-18,Stefanos Tsitsipas,Arthur Fils,Hard,0.45848975,0
2026-03-18,Aleksandar Vukic,Rafael Jodar,Hard,0.5235055,0
2026-03-18,Daniel Altmaier,Terence Atmane,Hard,0.5246849,0
2026-03-18,Hubert Hurkacz,Ethan Quinn,Hard,0.67365175,0
2026-03-18,Casper Ruud,Ethan Quinn,Hard,0.76359147,0
2026-03-18,Tomas Barrios Vera,Arthur Cazaux,Hard,0.34578875,0
2026-03-18,Tomas Martin Etcheverry,Zizou Bergs,Hard,0.4465929,1
2026-03-18,Tomas Martin Etcheverry,Rafael Jodar,Hard,0.65464187,1
2026-03-18,Corentin Moutet,Jannik Sinner,Hard,0.099102564,0
2026-03-18,Corentin Moutet,Tomas Machac,Hard,0.4536415,1
2026-03-18,Felix Auger Aliassime,Terence Atmane,Hard,0.8098279,0
2026-03-18,Ugo Humbert,Francisco Cerundolo,Hard,0.45207262,0
2026-03-18,Ugo Humbert,Alexander Shevchenko,Hard,0.6593343,1
2026-03-18,Ugo Humbert,Gabriel Diallo,Hard,0.6081247,1
2026-03-18,Yibing Wu,Gabriel Diallo,Hard,0.4130977,0
2026-03-18,Camilo Ugo Carabelli,Sebastian Korda,Hard,0.27707043,0
2026-03-18,Camilo Ugo Carabelli,Giovanni Mpetshi Perricard,Hard,0.4576774,1
2026-03-18,Zizou Bergs,Jenson Brooksby,Hard,0.5211413,1
2026-03-18,Adam Walton,Sebastian Baez,Hard,0.3527442,1
2026-03-18,Adam Walton,Jakub Mensik,Hard,0.22570607,0
2026-03-18,Valentin Vacherot,Mariano Navone,Hard,0.74069035,1
2026-03-18,Valentin Vacherot,Arthur Fils,Hard,0.4666671,0
2026-03-18,Sebastian Korda,Carlos Alcaraz,Hard,0.120495506,1
2026-03-18,Sebastian Korda,Martin Landaluce,Hard,0.79409045,0
2026-03-18,Thiago Agustin Tirante,Francisco Cerundolo,Hard,0.27211016,0
2026-03-18,Thiago Agustin Tirante,Valentin Royer,Hard,0.47396994,1
2026-03-18,Jannik Sinner,Jiri Lehecka,Hard,0.9051604,1
2026-03-18,Jannik Sinner,Alex Michelsen,Hard,0.92218256,1
2026-03-18,Aleksandar Kovacevic,Rei Sakamoto,Hard,0.6571672,0
2026-03-18,Fabian Marozsan,Joao Fonseca,Hard,0.3685457,0
2026-03-18,Emilio Nava,Tomas Machac,Hard,0.29070517,0
2026-03-18,Alexander Shevchenko,Matteo Arnaldi,Hard,0.48599944,1
2026-03-18,Alexander Shevchenko,Ben Shelton,Hard,0.19508985,1
2026-03-18,Flavio Cobolli,Raphael Collignon,Hard,0.6031665,0
2026-03-18,Carlos Alcaraz,Joao Fonseca,Hard,0.8927133,1
2026-03-18,Jiri Lehecka,Arthur Fils,Hard,0.52595365,1
2026-03-18,Jiri Lehecka,Ethan Quinn,Hard,0.7383277,1
2026-03-18,Jiri Lehecka,Martin Landaluce,Hard,0.75168794,1
2026-03-18,Jiri Lehecka,Moise Kouame,Hard,0.8584516,1
2026-03-18,Mattia Bellucci,Alex Michelsen,Hard,0.30384365,0
2026-03-18,Zachary Svajda,Moise Kouame,Hard,0.7726855,0
2026-03-18,Luciano Darderi,Martin Landaluce,Hard,0.6865875,0
2026-03-18,Arthur Fils,Darwin Blanch,Hard,0.8593686,1
2026-03-30,Martin Damm,Brandon Nakashima,Clay,0.35688832,0
2026-03-30,Roberto Bautista Agut,Titouan Droguet,Clay,0.55716026,0
2026-03-30,Adrian Mannarino,Daniel Merida Aguilar,Clay,0.5424593,0
2026-03-30,Marco Trungelliti,Kamil Majchrzak,Clay,0.37885928,1
2026-03-30,Marco Trungelliti,Corentin Moutet,Clay,0.30468643,1
2026-03-30,Marco Trungelliti,Luciano Darderi,Clay,0.25767756,1
2026-03-30,Marco Trungelliti,Henrique Rocha,Clay,0.48208806,1
2026-03-30,Marco Trungelliti,Rafael Jodar,Clay,0.5581206,0
2026-03-30,Dusan Lajovic,Rafael Jodar,Clay,0.4641177,0
2026-03-30,Yannick Hanfmann,Jesper De Jong,Clay,0.55036426,1
2026-03-30,Yannick Hanfmann,Luciano Darderi,Clay,0.4084368,0
2026-03-30,Yannick Hanfmann,Karim Bennani,Clay,0.7844905,1
2026-03-30,Nikoloz Basilashvili,Dino Prizmic,Clay,0.52246505,0
2026-03-30,Damir Dzumhur,Botic Van De Zandschulp,Clay,0.44095194,0
2026-03-30,Damir Dzumhur,Nuno Borges,Clay,0.41461608,1
2026-03-30,Damir Dzumhur,Filip Cristian Jianu,Clay,0.6838978,1
2026-03-30,Alex Bolt,Tomas Martin Etcheverry,Clay,0.2896125,0
2026-03-30,Alex Bolt,Yibing Wu,Clay,0.44791266,1
2026-03-30,Christopher Oconnell,Mariano Navone,Clay,0.38965428,0
2026-03-30,Zhizhen Zhang,Jack Pinnington Jones,Clay,0.4495365,1
2026-03-30,Zhizhen Zhang,Ben Shelton,Clay,0.22663362,0
2026-03-30,Mackenzie Mcdonald,Thiago Agustin Tirante,Clay,0.41323403,0
2026-03-30,Mackenzie Mcdonald,Jenson Brooksby,Clay,0.35684967,1
2026-03-30,Quentin Halys,Karim Bennani,Clay,0.75322723,0
2026-03-30,Kamil Majchrzak,Juan Manuel Cerundolo,Clay,0.54273087,1
2026-03-30,Botic Van De Zandschulp,Alexander Shevchenko,Clay,0.5343899,1
2026-03-30,Botic Van De Zandschulp,Francesco Maestrelli,Clay,0.65942025,1
2026-03-30,Botic Van De Zandschulp,Mariano Navone,Clay,0.50033534,0
2026-03-30,Jan Choinski,Stefanos Sakellaridis,Clay,0.5711406,0
2026-03-30,Pedro Martinez,Daniel Altmaier,Clay,0.5232247,0
2026-03-30,Alexandre Muller,Vit Kopriva,Clay,0.5583618,1
2026-03-30,Alexandre Muller,Federico Cina,Clay,0.62756336,1
2026-03-30,Alexandre Muller,Rafael Jodar,Clay,0.64900905,0
2026-03-30,Tommy Paul,Frances Tiafoe,Clay,0.6060959,1
2026-03-30,Tommy Paul,Tomas Martin Etcheverry,Clay,0.63329417,1
2026-03-30,Tommy Paul,Roman Andres Burruchaga,Clay,0.7390715,1
2026-03-30,Tommy Paul,Adolfo Daniel Vallejo,Clay,0.7513754,1
2026-03-30,Frances Tiafoe,Alexei Popyrin,Clay,0.6217033,1
2026-03-30,Frances Tiafoe,Rinky Hijikata,Clay,0.72343254,1
2026-03-30,Matteo Berrettini,Ignacio Buse,Clay,0.68444043,0
2026-03-30,Aleksandar Vukic,Taha Baadi,Clay,0.69659734,0
2026-03-30,Daniel Altmaier,Fabian Marozsan,Clay,0.43729198,0
2026-03-30,Daniel Altmaier,Dino Prizmic,Clay,0.5862972,1
2026-03-30,Tallon Griekspoor,Luca Van Assche,Clay,0.7181419,0
2026-03-30,Alex Molcan,Matteo Arnaldi,Clay,0.45487064,1
2026-03-30,Alex Molcan,Mariano Navone,Clay,0.530349,0
2026-03-30,Alex Molcan,Gabriel Diallo,Clay,0.4489577,1
2026-03-30,Tomas Martin Etcheverry,Federico Agustin Gomez,Clay,0.7090285,1
2026-03-30,Corentin Moutet,Taha Baadi,Clay,0.77088565,1
2026-03-30,Camilo Ugo Carabelli,Timofey Skatov,Clay,0.6242085,1
2026-03-30,Camilo Ugo Carabelli,Luca Van Assche,Clay,0.57242817,1
2026-03-30,Camilo Ugo Carabelli,Ignacio Buse,Clay,0.49494284,1
2026-03-30,Camilo Ugo Carabelli,Rafael Jodar,Clay,0.57537293,0
2026-03-30,Vit Kopriva,Hamad Medjedovic,Clay,0.456566,1
2026-03-30,Hugo Gaston,Luca Van Assche,Clay,0.5208281,0
2026-03-30,Adam Walton,Roman Andres Burruchaga,Clay,0.5461723,0
2026-03-30,Patrick Kypson,Alexei Popyrin,Clay,0.38364485,0
2026-03-30,Alexei Popyrin,Alex Michelsen,Clay,0.45943266,1
2026-03-30,Thiago Agustin Tirante,Roman Andres Burruchaga,Clay,0.56498975,0
2026-03-30,Thiago Agustin Tirante,Ben Shelton,Clay,0.27565566,1
2026-03-30,Thiago Agustin Tirante,Colton Smith,Clay,0.60886455,1
2026-03-30,Sebastian Baez,Titouan Droguet,Clay,0.61930996,0
2026-03-30,Sebastian Baez,Vilius Gaubas,Clay,0.6010308,1
2026-03-30,Otto Virtanen,Daniel Merida Aguilar,Clay,0.5237695,0
2026-03-30,Aleksandar Kovacevic,Rinky Hijikata,Clay,0.47744384,0
2026-03-30,Gabi Adrian Boitan,Elmer Moller,Clay,0.42843327,0
2026-03-30,Fabian Marozsan,Stefanos Sakellaridis,Clay,0.75262684,1
2026-03-30,Fabian Marozsan,Daniel Merida Aguilar,Clay,0.66065747,0
2026-03-30,Brandon Nakashima,Roman Andres Burruchaga,Clay,0.6917405,0
2026-03-30,Alexander Shevchenko,Radu David Turcanu,Clay,0.7902629,1
2026-03-30,Tomas Machac,Rafael Jodar,Clay,0.6606818,0
2026-03-30,Liam Draxl,Nishesh Basavareddy,Clay,0.4882074,0
2026-03-30,Titouan Droguet,Daniel Merida Aguilar,Clay,0.61488706,0
2026-03-30,Mattia Bellucci,Luciano Darderi,Clay,0.33417952,0
2026-03-30,Mattia Bellucci,Reda Bennani,Clay,0.74965256,1
2026-03-30,Zachary Svajda,Adolfo Daniel Vallejo,Clay,0.48687991,0
2026-03-30,Mariano Navone,Elmer Moller,Clay,0.57036793,1
2026-03-30,Mariano Navone,Daniel Merida Aguilar,Clay,0.6060922,1
2026-03-30,Roman Andres Burruchaga,Learner Tien,Clay,0.33041185,1
2026-03-30,Coleman Wong,Alex Michelsen,Clay,0.46608773,0
2026-03-30,Nishesh Basavareddy,Learner Tien,Clay,0.28651342,0
2026-04-05,Alexander Zverev,Cristian Garin,Clay,0.81720257,1
2026-04-05,Alexander Zverev,Zizou Bergs,Clay,0.7663262,1
2026-04-05,Alexander Zverev,Jannik Sinner,Clay,0.23258643,0
2026-04-05,Alexander Zverev,Joao Fonseca,Clay,0.7459554,1
2026-04-05,Stan Wawrinka,Sebastian Baez,Clay,0.37867162,0
2026-04-05,Gael Monfils,Alexander Bublik,Clay,0.25666717,0
2026-04-05,Gael Monfils,Tallon Griekspoor,Clay,0.4015568,1
2026-04-05,Roberto Bautista Agut,Matteo Berrettini,Clay,0.34913397,0
2026-04-05,Adrian Mannarino,Zizou Bergs,Clay,0.38683093,0
2026-04-05,Marin Cilic,Felix Auger Aliassime,Clay,0.2679126,0
2026-04-05,Marin Cilic,Alexander Shevchenko,Clay,0.545681,1
2026-04-05,Grigor Dimitrov,Tomas Martin Etcheverry,Clay,0.550012,0
2026-04-05,Marton Fucsovics,Alejandro Tabilo,Clay,0.526317,0
2026-04-05,Damir Dzumhur,Fabian Marozsan,Clay,0.40094924,0
2026-04-05,Daniil Medvedev,Matteo Berrettini,Clay,0.6344568,0
2026-04-05,Cristian Garin,Matteo Arnaldi,Clay,0.47779584,1
2026-04-05,Karen Khachanov,Arthur Rinderknech,Clay,0.6320826,0
2026-04-05,Cameron Norrie,Miomir Kecmanovic,Clay,0.6498318,1
2026-04-05,Cameron Norrie,Alex De Minaur,Clay,0.30761963,0
2026-04-05,Alexander Bublik,Carlos Alcaraz,Clay,0.11986379,0
2026-04-05,Alexander Bublik,Jiri Lehecka,Clay,0.53394663,1
2026-04-05,Alexandre Muller,Corentin Moutet,Clay,0.49028066,0
2026-04-05,Andrey Rublev,Nuno Borges,Clay,0.6953188,1
2026-04-05,Andrey Rublev,Zizou Bergs,Clay,0.6638307,0
2026-04-05,Alejandro Tabilo,Jiri Lehecka,Clay,0.38604698,0
2026-04-05,Arthur Rinderknech,Joao Fonseca,Clay,0.4095964,0
2026-04-05,Matteo Berrettini,Joao Fonseca,Clay,0.5281705,0
2026-04-05,Stefanos Tsitsipas,Francisco Cerundolo,Clay,0.50662947,0
2026-04-05,Daniel Altmaier,Tomas Machac,Clay,0.32346016,0
2026-04-05,Hubert Hurkacz,Valentin Vacherot,Clay,0.54069537,0
2026-04-05,Hubert Hurkacz,Fabian Marozsan,Clay,0.57289267,1
2026-04-05,Hubert Hurkacz,Luciano Darderi,Clay,0.42472687,1
2026-04-05,Denis Shapovalov,Alexander Blockx,Clay,0.7198658,0
2026-04-05,Casper Ruud,Corentin Moutet,Clay,0.6936639,1
2026-04-05,Casper Ruud,Felix Auger Aliassime,Clay,0.44619724,0
2026-04-05,Casper Ruud,Alexei Popyrin,Clay,0.7413935,1
2026-04-05,Tomas Martin Etcheverry,Carlos Alcaraz,Clay,0.09246182,0
2026-04-05,Tomas Martin Etcheverry,Terence Atmane,Clay,0.69073784,1
2026-04-05,Felix Auger Aliassime,Jannik Sinner,Clay,0.14117053,0
2026-04-05,Ugo Humbert,Jannik Sinner,Clay,0.09442887,0
2026-04-05,Ugo Humbert,Moise Kouame,Clay,0.74190336,1
2026-04-05,Alex De Minaur,Valentin Vacherot,Clay,0.6962331,0
2026-04-05,Alex De Minaur,Alexander Blockx,Clay,0.8171729,1
2026-04-05,Valentin Vacherot,Lorenzo Musetti,Clay,0.3120538,1
2026-04-05,Valentin Vacherot,Juan Manuel Cerundolo,Clay,0.6499095,1
2026-04-05,Valentin Vacherot,Carlos Alcaraz,Clay,0.13369198,0
2026-04-05,Francisco Cerundolo,Tomas Machac,Clay,0.62911564,0
2026-04-05,Sebastian Baez,Carlos Alcaraz,Clay,0.095710695,0
2026-04-05,Jannik Sinner,Tomas Machac,Clay,0.90807676,1
2026-04-05,Jannik Sinner,Carlos Alcaraz,Clay,0.4516654,1
2026-04-05,Emilio Nava,Jiri Lehecka,Clay,0.24624217,0
2026-04-05,Francisco Comesana,Flavio Cobolli,Clay,0.27646852,0
2026-04-05,Flavio Cobolli,Alexander Blockx,Clay,0.7376341,0
2026-04-05,Gabriel Diallo,Joao Fonseca,Clay,0.3556808,0
2026-04-05,Terence Atmane,Ethan Quinn,Clay,0.50948954,1
2026-04-13,Alexander Zverev,Miomir Kecmanovic,Clay,0.83814937,1
2026-04-13,Alexander Zverev,Francisco Cerundolo,Clay,0.741079,1
2026-04-13,Alexander Zverev,Flavio Cobolli,Clay,0.76216817,0
2026-04-13,Alexander Zverev,Gabriel Diallo,Clay,0.79467624,1
2026-04-13,Stan Wawrinka,Cameron Norrie,Clay,0.24726467,0
2026-04-13,Adrian Mannarino,Nuno Borges,Clay,0.42119205,0
2026-04-13,Marin Cilic,Daniel Altmaier,Clay,0.6128128,0
2026-04-13,Marco Trungelliti,Hamad Medjedovic,Clay,0.45432168,0
2026-04-13,Yannick Hanfmann,Alexander Blockx,Clay,0.61305904,0
2026-04-13,Zhizhen Zhang,Luciano Darderi,Clay,0.2452296,0
2026-04-13,Karen Khachanov,Camilo Ugo Carabelli,Clay,0.66580987,0
2026-04-13,Sumit Nagal,Francisco Cerundolo,Clay,0.14720024,0
2026-04-13,Cameron Norrie,Ethan Quinn,Clay,0.6720569,1
2026-04-13,Cameron Norrie,Rafael Jodar,Clay,0.66864914,0
2026-04-13,Botic Van De Zandschulp,Marc Andrea Huesler,Clay,0.6955003,1
2026-04-13,Botic Van De Zandschulp,Francisco Cerundolo,Clay,0.33252358,0
2026-04-13,Alexander Bublik,Alex Molcan,Clay,0.7212933,0
2026-04-13,Pedro Martinez,Lorenzo Sonego,Clay,0.40436405,0
2026-04-13,Sebastian Ofner,Alex De Minaur,Clay,0.21284316,0
2026-04-13,Reilly Opelka,Ethan Quinn,Clay,0.56979334,0
2026-04-13,Andrey Rublev,Lorenzo Sonego,Clay,0.67124695,1
2026-04-13,Andrey Rublev,Tomas Machac,Clay,0.58747274,1
2026-04-13,Andrey Rublev,Mariano Navone,Clay,0.6976737,1
2026-04-13,Andrey Rublev,Hamad Medjedovic,Clay,0.6703451,1
2026-04-13,Andrey Rublev,Arthur Fils,Clay,0.5373357,0
2026-04-13,Alejandro Tabilo,Joao Fonseca,Clay,0.4269714,0
2026-04-13,Arthur Rinderknech,Alex Michelsen,Clay,0.51159805,1
2026-04-13,Arthur Rinderknech,Joao Fonseca,Clay,0.41929275,0
2026-04-13,Stefanos Tsitsipas,Fabian Marozsan,Clay,0.6533023,0
2026-04-13,Vitaliy Sachko,Gabriel Diallo,Clay,0.36654025,0
2026-04-13,Daniel Altmaier,Alex Molcan,Clay,0.4492349,0
2026-04-13,Nuno Borges,Tomas Martin Etcheverry,Clay,0.3425448,1
2026-04-13,Nuno Borges,Hamad Medjedovic,Clay,0.56633997,0
2026-04-13,Denis Shapovalov,Tallon Griekspoor,Clay,0.5242555,1
2026-04-13,Denis Shapovalov,Alex Molcan,Clay,0.6081336,0
2026-04-13,Denis Shapovalov,Fabian Marozsan,Clay,0.5608127,1
2026-04-13,Alex Molcan,Ben Shelton,Clay,0.31113005,0
2026-04-13,Jaume Munar,Rafael Jodar,Clay,0.579576,0
2026-04-13,Tomas Martin Etcheverry,Jack Draper,Clay,0.3294526,1
2026-04-13,Corentin Moutet,Lorenzo Musetti,Clay,0.2581963,0
2026-04-13,Corentin Moutet,Ignacio Buse,Clay,0.56333405,1
2026-04-13,Camilo Ugo Carabelli,Rafael Jodar,Clay,0.57862854,0
2026-04-13,Vit Kopriva,Flavio Cobolli,Clay,0.36108834,0
2026-04-13,Vit Kopriva,Luciano Darderi,Clay,0.37260386,1
2026-04-13,Vit Kopriva,Justin Engel,Clay,0.57333523,1
2026-04-13,Zizou Bergs,Flavio Cobolli,Clay,0.41094044,0
2026-04-13,Zizou Bergs,Marko Topo,Clay,0.7451151,1
2026-04-13,Alex De Minaur,Hamad Medjedovic,Clay,0.74877787,0
2026-04-13,Sebastian Baez,Tomas Machac,Clay,0.4645463,0
2026-04-13,Otto Virtanen,Carlos Alcaraz,Clay,0.09147836,0
2026-04-13,Brandon Nakashima,Juan Manuel Cerundolo,Clay,0.62206507,1
2026-04-13,Brandon Nakashima,Arthur Fils,Clay,0.3810886,0
2026-04-13,Emilio Nava,Ben Shelton,Clay,0.19358416,0
2026-04-13,Lorenzo Musetti,Arthur Fils,Clay,0.6271456,0
2026-04-13,Lorenzo Musetti,Martin Landaluce,Clay,0.7998354,1
2026-04-13,Tomas Machac,Carlos Alcaraz,Clay,0.09658746,1
2026-04-13,Flavio Cobolli,Ben Shelton,Clay,0.42756736,0
2026-04-13,Flavio Cobolli,Diego Dedura Palomero,Clay,0.8093039,1
2026-04-13,Terence Atmane,Arthur Fils,Clay,0.24237011,0
2026-04-13,Arthur Fils,Rafael Jodar,Clay,0.7314666,1
2026-04-13,Ben Shelton,Alexander Blockx,Clay,0.7595265,1
2026-04-13,Ben Shelton,Joao Fonseca,Clay,0.59383744,1
2026-04-22,Alexander Zverev,Jannik Sinner,Clay,0.22767468,0
2026-04-22,Alexander Zverev,Flavio Cobolli,Clay,0.74427587,1
2026-04-22,Alexander Zverev,Mariano Navone,Clay,0.7987261,1
2026-04-22,Alexander Zverev,Terence Atmane,Clay,0.79699576,1
2026-04-22,Alexander Zverev,Jakub Mensik,Clay,0.75507605,1
2026-04-22,Alexander Zverev,Alexander Blockx,Clay,0.8157524,1
2026-04-22,Martin Damm,Alexei Popyrin,Clay,0.41599554,1
2026-04-22,Martin Damm,Jakub Mensik,Clay,0.28578937,0
2026-04-22,Gael Monfils,Camilo Ugo Carabelli,Clay,0.44081786,0
2026-04-22,Roberto Bautista Agut,Thiago Agustin Tirante,Clay,0.5148989,0
2026-04-22,Adrian Mannarino,Ignacio Buse,Clay,0.43505615,0
2026-04-22,Marin Cilic,Zizou Bergs,Clay,0.49266413,1
2026-04-22,Marin Cilic,Joao Fonseca,Clay,0.41812244,0
2026-04-22,Marco Trungelliti,Daniel Merida Aguilar,Clay,0.54471326,0
2026-04-22,Jan Lennard Struff,Alexandre Muller,Clay,0.5102517,1
2026-04-22,Jan Lennard Struff,Alex Michelsen,Clay,0.52077484,0
2026-04-22,Dusan Lajovic,Arthur Rinderknech,Clay,0.32198596,0
2026-04-22,Dusan Lajovic,Lorenzo Sonego,Clay,0.34556806,1
2026-04-22,Grigor Dimitrov,Adolfo Daniel Vallejo,Clay,0.6611704,0
2026-04-22,Pablo Carreno Busta,Marton Fucsovics,Clay,0.46888733,1
2026-04-22,Pablo Carreno Busta,Alejandro Davidovich Fokina,Clay,0.37976995,0
2026-04-22,Yannick Hanfmann,Marcos Giron,Clay,0.54686713,1
2026-04-22,Yannick Hanfmann,Francisco Cerundolo,Clay,0.3435695,0
2026-04-22,Nikoloz Basilashvili,Sebastian Ofner,Clay,0.45065203,0
2026-04-22,Damir Dzumhur,Tallon Griekspoor,Clay,0.40809935,0
2026-04-22,Damir Dzumhur,Mattia Bellucci,Clay,0.53066486,1
2026-04-22,Daniil Medvedev,Nicolai Budkov Kjaer,Clay,0.8148867,1
2026-04-22,Daniil Medvedev,Fabian Marozsan,Clay,0.74284583,1
2026-04-22,Daniil Medvedev,Flavio Cobolli,Clay,0.6516402,0
2026-04-22,Cristian Garin,Alexander Blockx,Clay,0.5303,0
2026-04-22,Zhizhen Zhang,Vit Kopriva,Clay,0.4019258,0
2026-04-22,Karen Khachanov,Adam Walton,Clay,0.72538656,1
2026-04-22,Karen Khachanov,Jakub Mensik,Clay,0.5356766,0
2026-04-22,Cameron Norrie,Thiago Agustin Tirante,Clay,0.6390027,1
2026-04-22,Cameron Norrie,Jannik Sinner,Clay,0.13259271,0
2026-04-22,Cameron Norrie,Tomas Machac,Clay,0.54728377,1
2026-04-22,Alexander Bublik,Stefanos Tsitsipas,Clay,0.53743064,0
2026-04-22,Sebastian Ofner,Tomas Martin Etcheverry,Clay,0.3337283,0
2026-04-22,Reilly Opelka,Nicolai Budkov Kjaer,Clay,0.6461216,0
2026-04-22,Andrey Rublev,Vit Kopriva,Clay,0.6930516,0
2026-04-22,Benjamin Bonzi,Jannik Sinner,Clay,0.07907722,0
2026-04-22,Benjamin Bonzi,Titouan Droguet,Clay,0.5214697,1
2026-04-22,Tommy Paul,Thiago Agustin Tirante,Clay,0.732349,0
2026-04-22,Alejandro Tabilo,Jiri Lehecka,Clay,0.33701116,0
2026-04-22,Alejandro Tabilo,Valentin Royer,Clay,0.5905179,1
2026-04-22,Arthur Rinderknech,Vit Kopriva,Clay,0.56288433,0
2026-04-22,Matteo Berrettini,Dino Prizmic,Clay,0.72869736,0
2026-04-22,Stefanos Tsitsipas,Casper Ruud,Clay,0.39727035,0
2026-04-22,Stefanos Tsitsipas,Patrick Kypson,Clay,0.7612489,1
2026-04-22,Stefanos Tsitsipas,Daniel Merida Aguilar,Clay,0.6962504,1
2026-04-22,Daniel Altmaier,Juan Manuel Cerundolo,Clay,0.5388589,0
2026-04-22,Hubert Hurkacz,Lorenzo Musetti,Clay,0.3230468,0
2026-04-22,Hubert Hurkacz,Jaime Faria,Clay,0.7005861,1
2026-04-22,Nuno Borges,Mariano Navone,Clay,0.48650926,0
2026-04-22,Denis Shapovalov,Nicolai Budkov Kjaer,Clay,0.7018156,0
2026-04-22,Casper Ruud,Jaume Munar,Clay,0.6946686,1
2026-04-22,Casper Ruud,Alejandro Davidovich Fokina,Clay,0.6114964,1
2026-04-22,Casper Ruud,Alexander Blockx,Clay,0.77227724,0
2026-04-22,Tallon Griekspoor,Lorenzo Musetti,Clay,0.23947012,0
2026-04-22,Jaume Munar,Alexander Shevchenko,Clay,0.58408594,1
2026-04-22,Tomas Martin Etcheverry,Arthur Fils,Clay,0.35477933,0
2026-04-22,Tomas Martin Etcheverry,Dino Prizmic,Clay,0.67806345,1
2026-04-22,Corentin Moutet,Daniel Merida Aguilar,Clay,0.6383127,0
2026-04-22,Felix Auger Aliassime,Vilius Gaubas,Clay,0.78373593,1
2026-04-22,Felix Auger Aliassime,Alexander Blockx,Clay,0.7402238,0
2026-04-22,Ugo Humbert,Terence Atmane,Clay,0.53794485,0
2026-04-22,Camilo Ugo Carabelli,Flavio Cobolli,Clay,0.31608927,0
2026-04-22,Miomir Kecmanovic,Terence Atmane,Clay,0.5546928,0
2026-04-22,Vit Kopriva,Rafael Jodar,Clay,0.49502006,0
2026-04-22,Alex De Minaur,Rafael Jodar,Clay,0.71781754,0
2026-04-22,Adam Walton,Martin Landaluce,Clay,0.52826977,1
2026-04-22,Valentin Vacherot,Emilio Nava,Clay,0.745806,0
2026-04-22,Francisco Cerundolo,Luciano Darderi,Clay,0.63960475,1
2026-04-22,Francisco Cerundolo,Alexander Blockx,Clay,0.7238254,0
2026-04-22,Sebastian Baez,Vilius Gaubas,Clay,0.6205601,0
2026-04-22,Jenson Brooksby,Emilio Nava,Clay,0.6531313,0
2026-04-22,Jannik Sinner,Elmer Moller,Clay,0.9059282,1
2026-04-22,Jannik Sinner,Arthur Fils,Clay,0.84921134,1
2026-04-22,Jannik Sinner,Rafael Jodar,Clay,0.8856328,1
2026-04-22,Fabian Marozsan,Ethan Quinn,Clay,0.5802136,1
2026-04-22,Brandon Nakashima,Alexander Blockx,Clay,0.54931444,0
2026-04-22,Emilio Nava,Arthur Fils,Clay,0.197146,0
2026-04-22,Jesper De Jong,Rafael Jodar,Clay,0.48937032,0
2026-04-22,Lorenzo Musetti,Jiri Lehecka,Clay,0.6449576,0
2026-04-22,Juan Manuel Cerundolo,Luciano Darderi,Clay,0.3665403,0
2026-04-22,Francisco Comesana,Tomas Machac,Clay,0.30812496,0
2026-04-22,Flavio Cobolli,Adolfo Daniel Vallejo,Clay,0.73654586,1
2026-04-22,Jiri Lehecka,Arthur Fils,Clay,0.45558107,0
2026-04-22,Jiri Lehecka,Alex Michelsen,Clay,0.64965725,1
2026-04-22,Gabriel Diallo,Elmer Moller,Clay,0.6115127,0
2026-04-22,Adolfo Daniel Vallejo,Learner Tien,Clay,0.314555,1
2026-04-22,Elmer Moller,Federico Cina,Clay,0.54173017,1
2026-04-22,Ignacio Buse,Arthur Fils,Clay,0.25588623,0
2026-04-22,Dino Prizmic,Ben Shelton,Clay,0.19346128,1
2026-04-22,Joao Fonseca,Rafael Jodar,Clay,0.6535183,0
