date,player_a,player_b,surface,predicted_prob_a,betfair_true_prob_a,clv_betfair,pinnacle_true_prob_a,clv_pinnacle,max_true_prob_a,clv_max,actual_winner
2026-01-04,Adam Walton,Rinky Hijikata,Hard,0.52282125,0.44776119402985065,0.07506005597014936,0.4566326530612245,0.06618859693877549,0.4559585492227979,0.06686270077720213,0
2026-01-04,Alejandro Davidovich Fokina,Brandon Nakashima,Hard,0.64286745,0.5990338164251208,0.04383363357487924,0.5955334987593052,0.04733395124069484,0.6024096385542168,0.0404578114457832,0
2026-01-04,Alex Michelsen,Learner Tien,Hard,0.33251217,0.37089201877934275,-0.03837984877934275,0.37772397094431,-0.04521180094430999,0.3834951456310679,-0.050982975631067906,1
2026-01-04,Cameron Norrie,Ugo Humbert,Hard,0.4673248,0.43209876543209885,0.03522603456790113,0.44050632911392407,0.026818470886075918,0.44999999999999996,0.01732480000000003,1
2026-01-04,Camilo Ugo Carabelli,Learner Tien,Hard,0.23790161,0.16550764951321278,0.07239396048678723,0.18720748829953196,0.05069412170046805,0.17664670658682635,0.06125490341317366,0
2026-01-04,Daniil Medvedev,Frances Tiafoe,Hard,0.7387802,0.7200811359026369,0.018699064097363105,0.7181628392484342,0.02061736075156584,0.7274590163934426,0.011321183606557428,1
2026-01-04,Denis Shapovalov,Raphael Collignon,Hard,0.6661642,0.5349999999999999,0.13116420000000006,0.5218508997429305,0.14431330025706945,0.5527638190954773,0.11340038090452265,0
2026-01-04,Frances Tiafoe,Aleksandar Vukic,Hard,0.69835055,0.653061224489796,0.04528932551020404,0.6398104265402844,0.0585401234597156,0.6584821428571429,0.03986840714285711,1
2026-01-04,Grigor Dimitrov,Pablo Carreno Busta,Hard,0.5818345,0.6561085972850679,-0.07427409728506784,0.6447058823529412,-0.06287138235294121,0.6436781609195402,-0.06184366091954019,1
2026-01-04,James Duckworth,Alex Michelsen,Hard,0.45760044,0.4342431761786601,0.023357263821339902,0.43797468354430374,0.019625756455696253,0.44999999999999996,0.007600440000000042,0
2026-01-04,Kamil Majchrzak,Daniel Altmaier,Hard,0.49889266,0.48989898989898994,0.008993670101010043,,,0.49481865284974097,0.004074007150259018,1
2026-01-04,Kamil Majchrzak,Reilly Opelka,Hard,0.4208678,0.468671679197995,-0.047803879197995,0.4666666666666667,-0.04579886666666666,0.4728682170542636,-0.05200041705426356,1
2026-01-04,Marton Fucsovics,Daniil Medvedev,Hard,0.2134996,0.22939068100358423,-0.015891081003584218,0.24105461393596989,-0.027555013935969874,0.25343811394891946,-0.03993851394891945,0
2026-01-04,Nick Kyrgios,Aleksandar Kovacevic,Hard,0.6200927,0.37411764705882355,0.2459750529411765,0.3931203931203931,0.22697230687960696,0.39759036144578314,0.22250233855421692,0
2026-01-04,Quentin Halys,Alexei Popyrin,Hard,0.32230535,0.38242280285035635,-0.06011745285035636,0.3911980440097799,-0.06889269400977993,0.3857493857493858,-0.06344403574938579,1
2026-01-04,Reilly Opelka,Dane Sweeny,Hard,0.7658079,0.6057692307692307,0.16003866923076926,0.6088019559902201,0.15700594400977985,0.6161137440758293,0.14969415592417068,1
2026-01-04,Tomas Machac,Jiri Lehecka,Hard,0.4189502,0.35813953488372097,0.06081066511627903,0.35933806146572106,0.059612138534278936,0.36342592592592593,0.055524274074074065,0
2026-01-04,Valentin Vacherot,Sebastian Korda,Hard,0.50630265,0.3627906976744186,0.14351195232558134,0.3684210526315789,0.13788159736842104,0.35597189695550346,0.1503307530444965,0
2026-01-05,Adrian Mannarino,Marin Cilic,Hard,0.4640847,0.45864661654135336,0.005438083458646659,0.45038167938931295,0.013703020610687067,0.4677002583979328,-0.003615558397932761,0
2026-01-05,Alexandre Muller,Miomir Kecmanovic,Hard,0.5231223,0.43640897755610975,0.0867133224438903,0.42929292929292934,0.0938293707070707,0.4292803970223325,0.09384190297766754,1
2026-01-05,Andrey Rublev,Yibing Wu,Hard,0.70455456,0.6621923937360178,0.04236216626398226,0.6326034063260341,0.07195115367396598,0.6470588235294118,0.057495736470588255,1
2026-01-05,Botic Van De Zandschulp,Alexander Bublik,Hard,0.27528667,0.3517241379310345,-0.07643746793103451,0.34418604651162793,-0.06889937651162792,0.3488372093023256,-0.07355053930232558,0
2026-01-05,Damir Dzumhur,Nuno Borges,Hard,0.35428625,0.3439635535307517,0.010322696469248327,0.33793103448275863,0.016355215517241395,0.3473193473193473,0.006966902680652698,0
2026-01-05,Francisco Comesana,Juncheng Shang,Hard,0.51454747,0.3579676674364896,0.1565798025635104,0.37259615384615385,0.14195131615384615,0.37825059101654845,0.13629687898345155,0
2026-01-05,Gabriel Diallo,Coleman Wong,Hard,0.7142909,0.6560364464692484,0.05825445353075154,,,0.6629213483146068,0.051369551685393144,0
2026-01-05,Jesper De Jong,Gabriel Diallo,Hard,0.40980437,0.32372505543237257,0.08607931456762741,0.31919642857142855,0.09060794142857143,0.3333333333333333,0.07647103666666666,0
2026-01-05,Karen Khachanov,Michael Mmoh,Hard,0.73537785,0.7200811359026369,0.015296714097363107,0.7078891257995735,0.027488724200426473,0.7157894736842104,0.01958837631578958,0
2026-01-05,Lorenzo Sonego,Juncheng Shang,Hard,0.62098473,0.425061425061425,0.19592330493857496,0.42462311557788945,0.19636161442211053,0.42211055276381915,0.19887417723618084,0
2026-01-05,Lorenzo Sonego,Rei Sakamoto,Hard,0.74431664,0.6513761467889908,0.09294049321100917,0.6447058823529412,0.09961075764705873,0.6470588235294118,0.09725781647058818,1
2026-01-05,Marcos Giron,Alexandre Muller,Hard,0.51188713,0.5399999999999999,-0.028112869999999957,0.5396419437340153,-0.027754813734015338,0.522077922077922,-0.010190792077922062,1
2026-01-05,Marcos Giron,Laslo Djere,Hard,0.51555645,0.5742574257425743,-0.05870097574257427,0.5620253164556962,-0.046468866455696145,0.5597964376590331,-0.04423998765903303,1
2026-01-05,Mariano Navone,Coleman Wong,Hard,0.52403224,0.48499999999999993,0.03903224000000011,0.4717948717948718,0.052237368205128254,0.45273631840796025,0.07129592159203979,0
2026-01-05,Marin Cilic,Nuno Borges,Hard,0.5328988,0.49246231155778897,0.04043648844221104,0.4974226804123712,0.03547611958762881,0.5012853470437018,0.03161345295629825,0
2026-01-05,Michael Mmoh,Alejandro Tabilo,Hard,0.33867887,0.40096618357487923,-0.06228731357487921,0.40942928039702237,-0.07075041039702235,0.3925233644859813,-0.053844494485981276,1
2026-01-05,Yibing Wu,Fabian Marozsan,Hard,0.36320215,0.4285714285714286,-0.0653692785714286,0.43544303797468353,-0.07224088797468353,0.4554455445544554,-0.0922433945544554,1
2026-01-12,Adrian Mannarino,Eliot Spizzirri,Hard,0.5709648,0.38571428571428573,0.18525051428571432,0.38875305623471884,0.1822117437652812,0.4029850746268657,0.16797972537313433,0
2026-01-12,Alejandro Davidovich Fokina,Rinky Hijikata,Hard,0.8191477,0.6944444444444444,0.12470325555555561,,,0.6896551724137931,0.12949252758620688,1
2026-01-12,Alejandro Davidovich Fokina,Valentin Vacherot,Hard,0.6263711,0.6175771971496438,0.008793902850356194,,,0.5720823798627002,0.054288720137299795,1
2026-01-12,Alejandro Tabilo,Camilo Ugo Carabelli,Hard,0.5915417,0.6726457399103138,-0.0811040399103139,0.6620689655172414,-0.07052726551724142,0.6588235294117647,-0.06728182941176475,1
2026-01-12,Alejandro Tabilo,Luciano Darderi,Hard,0.55749875,0.5784313725490196,-0.02093262254901951,,,0.5955882352941176,-0.0380894852941176,0
2026-01-12,Aleksandar Kovacevic,Hamad Medjedovic,Hard,0.37741765,0.3548387096774193,0.022578940322580676,0.3642857142857143,0.01313193571428567,0.3488372093023256,0.028580440697674403,0
2026-01-12,Aleksandar Vukic,Andrea Vavassori,Hard,0.6074131,0.5990338164251208,0.00837928357487927,,,0.6053268765133173,0.002086223486682748,1
2026-01-12,Andrea Vavassori,Gabriel Diallo,Hard,0.24511127,0.2647058823529412,-0.019594612352941188,,,0.35185185185185186,-0.10674058185185187,1
2026-01-12,Cameron Norrie,Hugo Gaston,Hard,0.785009,0.6258823529411764,0.1591266470588235,0.6339712918660287,0.15103770813397122,0.6466512702078522,0.13835772979214778,1
2026-01-12,Casper Ruud,Fabian Marozsan,Hard,0.71872175,0.659090909090909,0.0596308409090911,,,0.6681514476614699,0.050570302338530104,0
2026-01-12,Damir Dzumhur,Alexander Shevchenko,Hard,0.45498922,0.4285714285714286,0.026417791428571424,,,0.43609022556390975,0.018898994436090277,0
2026-01-12,Daniel Altmaier,Jaume Munar,Hard,0.4061944,0.3055555555555555,0.10063884444444449,0.30989010989010984,0.09630429010989017,0.32432432432432434,0.08187007567567567,0
2026-01-12,Fabian Marozsan,Eliot Spizzirri,Hard,0.6005531,0.5536159600997507,0.04693713990024928,,,0.5575447570332481,0.04300834296675182,1
2026-01-12,Francisco Comesana,Ben Shelton,Hard,0.17944308,0.24354243542435428,-0.06409935542435427,,,0.2481203007518797,-0.06867722075187971,0
2026-01-12,Francisco Comesana,Valentin Royer,Hard,0.43786934,0.44723618090452255,-0.009366840904522555,0.44050632911392407,-0.002636989113924071,0.4375,0.0003693399999999958,1
2026-01-12,Gael Monfils,Fabian Marozsan,Hard,0.55065227,0.39613526570048313,0.15451700429951692,0.4175,0.13315227000000007,0.40942928039702237,0.1412229896029777,0
2026-01-12,Hamad Medjedovic,Jakub Mensik,Hard,0.36868867,0.4180929095354523,-0.04940423953545231,,,0.425,-0.05631132999999999,0
2026-01-12,James Duckworth,Tomas Machac,Hard,0.30853194,0.4285714285714286,-0.1200394885714286,0.38442822384428227,-0.07589628384428226,0.420654911838791,-0.112122971838791,0
2026-01-12,Jaume Munar,Francisco Cerundolo,Hard,0.4945947,0.5643564356435643,-0.0697617356435643,,,0.5739795918367347,-0.07938489183673475,1
2026-01-12,Jaume Munar,Tomas Machac,Hard,0.4377687,0.47368421052631576,-0.03591551052631575,,,0.4763092269326683,-0.038540526932668295,0
2026-01-12,Jenson Brooksby,James Watt,Hard,0.9227108,0.9098428453267162,0.012867954673283832,0.9025270758122743,0.020183724187725738,0.9239516702203269,-0.0012408702203268174,1
2026-01-12,Marcos Giron,Alex Michelsen,Hard,0.49843186,0.468671679197995,0.029760180802004987,,,0.48600508905852424,0.012426770941475762,1
2026-01-12,Marcos Giron,Alexandre Muller,Hard,0.51679385,0.5449999999999999,-0.02820614999999993,0.5154639175257731,0.0013299324742268581,0.5408163265306123,-0.02402247653061229,1
2026-01-12,Marcos Giron,Luciano Darderi,Hard,0.5373367,0.6762749445676275,-0.1389382445676275,,,0.6756756756756758,-0.13833897567567577,1
2026-01-12,Mariano Navone,Alex Michelsen,Hard,0.45481402,0.26732673267326734,0.18748728732673264,0.2740286298568507,0.18078539014314926,0.2738589211618257,0.1809550988381743,0
2026-01-12,Marton Fucsovics,Alexander Shevchenko,Hard,0.61366296,0.6223277909738718,-0.008664830973871829,,,0.6425233644859814,-0.028860404485981372,0
2026-01-12,Marton Fucsovics,Ethan Quinn,Hard,0.6501785,0.5215189873417723,0.12865951265822773,0.5594936708860759,0.09068482911392406,0.5189873417721519,0.1311911582278481,1
2026-01-12,Miomir Kecmanovic,Valentin Vacherot,Hard,0.3949336,0.4599999999999999,-0.06506639999999991,0.4529262086513995,-0.05799260865139949,0.4430379746835443,-0.04810437468354428,0
2026-01-12,Nuno Borges,Eliot Spizzirri,Hard,0.59541047,0.5340050377833753,0.061405432216624756,,,0.5547073791348601,0.0407030908651399,0
2026-01-12,Quentin Halys,Jacob Fearnley,Hard,0.433383,0.5777777777777777,-0.1443947777777777,,,0.5862068965517242,-0.15282389655172418,1
2026-01-12,Quentin Halys,Tomas Machac,Hard,0.23896886,0.3942307692307692,-0.1552619092307692,,,0.41031941031941027,-0.17135055031941027,0
2026-01-12,Reilly Opelka,Alexei Popyrin,Hard,0.5345617,0.46733668341708545,0.06722501658291458,0.46923076923076923,0.0653309307692308,0.4707379134860051,0.06382378651399495,1
2026-01-12,Reilly Opelka,Tommy Paul,Hard,0.39535227,0.37411764705882355,0.02123462294117645,,,0.39172749391727496,0.0036247760827250453,0
2026-01-12,Rinky Hijikata,Tristan Schoolkate,Hard,0.46762985,0.5522388059701492,-0.08460895597014917,0.5681818181818182,-0.10055196818181822,0.5793450881612091,-0.1117152381612091,1
2026-01-12,Sebastian Baez,Ben Shelton,Hard,0.19350621,0.22010398613518195,-0.02659777613518194,,,0.2240143369175627,-0.03050812691756269,1
2026-01-12,Sebastian Baez,Emilio Nava,Hard,0.5646618,0.44913151364764264,0.11553028635235735,0.4441624365482234,0.12049936345177659,0.46153846153846156,0.10312333846153843,1
2026-01-12,Sebastian Baez,Jenson Brooksby,Hard,0.33261293,0.39759036144578314,-0.06497743144578316,,,0.37825059101654845,-0.04563766101654848,1
2026-01-12,Stefanos Tsitsipas,Aleksandar Vukic,Hard,0.74201345,0.7518796992481203,-0.009866249248120296,,,0.7396449704142012,0.0023684795857987773,0
2026-01-12,Tallon Griekspoor,Ugo Humbert,Hard,0.47285157,0.3842482100238664,0.08860335997613361,,,0.39024390243902446,0.08260766756097554,0
2026-01-12,Thanasi Kokkinakis,Sebastian Korda,Hard,0.3069918,0.27991886409736305,0.02707293590263693,0.2800829875518672,0.026908812448132757,0.2727272727272727,0.034264527272727274,1
2026-01-12,Tommy Paul,Aleksandar Vukic,Hard,0.7923778,0.7746478873239436,0.017729912676056392,,,0.7704626334519573,0.021915166548042708,1
2026-01-12,Ugo Humbert,Alexander Shevchenko,Hard,0.7433793,0.7692307692307692,-0.025851469230769197,,,0.7692307692307693,-0.02585146923076931,1
2026-01-12,Ugo Humbert,Terence Atmane,Hard,0.73733896,0.7157464212678937,0.021592538732106314,0.7051282051282052,0.03221075487179481,0.7201646090534979,0.017174350946502104,1
2026-01-19,Adam Walton,Carlos Alcaraz,Hard,0.050541196,0.01803249419746474,0.03250870180253526,,,0.024041894786955488,0.02649930121304451,0
2026-01-19,Adrian Mannarino,Rinky Hijikata,Hard,0.5805826,0.3942307692307692,0.18635183076923073,,,0.41463414634146345,0.1659484536585365,0
2026-01-19,Alejandro Davidovich Fokina,Filip Misolic,Hard,0.7978761,0.9296148738379814,-0.13173877383798138,,,0.9025270758122743,-0.10465097581227434,1
2026-01-19,Alex De Minaur,Hamad Medjedovic,Hard,0.79217356,0.8542713567839196,-0.06209779678391958,,,0.8391608391608392,-0.04698727916083911,1
2026-01-19,Alexander Bublik,Jenson Brooksby,Hard,0.7213107,0.7403846153846154,-0.019073915384615447,,,0.7514450867052023,-0.0301343867052023,1
2026-01-19,Alexander Shevchenko,Learner Tien,Hard,0.21822698,0.18305597579425112,0.03517100420574887,,,0.18730650154798759,0.0309204784520124,0
2026-01-19,Alexander Zverev,Alexandre Muller,Hard,0.88352454,0.9418282548476454,-0.058303714847645405,,,0.912106135986733,-0.028581595986732933,1
2026-01-19,Alexander Zverev,Gabriel Diallo,Hard,0.83250594,0.8542713567839196,-0.021765416783919633,,,0.8507853403141362,-0.018279400314136218,1
2026-01-19,Alexandre Muller,Alexei Popyrin,Hard,0.41880062,0.3008474576271186,0.11795316237288139,,,0.3025751072961374,0.11622551270386261,1
2026-01-19,Andrey Rublev,Jaime Faria,Hard,0.83841676,0.8762322015334063,-0.037815441533406324,,,0.8700696055684455,-0.0316528455684455,1
2026-01-19,Andrey Rublev,Matteo Arnaldi,Hard,0.65678626,0.7899159663865546,-0.13312970638655464,,,0.7826086956521741,-0.1258224356521741,1
2026-01-19,Arthur Rinderknech,Fabian Marozsan,Hard,0.4999074,0.48110831234256923,0.01879908765743077,,,0.46835443037974683,0.03155296962025317,0
2026-01-19,Botic Van De Zandschulp,Brandon Nakashima,Hard,0.42951903,0.2857142857142857,0.14380474428571433,,,0.30107526881720437,0.12844376118279566,1
2026-01-19,Botic Van De Zandschulp,Juncheng Shang,Hard,0.59274244,0.4292803970223325,0.16346204297766748,,,0.425,0.16774244,1
2026-01-19,Cameron Norrie,Benjamin Bonzi,Hard,0.6760657,0.7518796992481203,-0.07581399924812027,,,0.7547169811320754,-0.07865128113207542,1
2026-01-19,Cameron Norrie,Emilio Nava,Hard,0.7568028,0.6621923937360178,0.0946104062639822,,,0.6682027649769585,0.08860003502304148,1
2026-01-19,Carlos Taberner,Lorenzo Sonego,Hard,0.30945346,0.09909909909909911,0.2103543609009009,,,0.11458333333333334,0.19487012666666667,0
2026-01-19,Casper Ruud,Jaume Munar,Hard,0.697223,0.6929637526652452,0.004259247334754801,,,0.6858407079646017,0.011382292035398311,1
2026-01-19,Casper Ruud,Mattia Bellucci,Hard,0.8033334,0.8208955223880597,-0.017562122388059764,,,0.8126934984520123,-0.009360098452012355,1
2026-01-19,Corentin Moutet,Tristan Schoolkate,Hard,0.72182554,0.7157464212678937,0.0060791187321063145,,,0.7201646090534979,0.0016609309465021038,1
2026-01-19,Cristian Garin,Luciano Darderi,Hard,0.49705556,0.38242280285035635,0.11463275714964366,,,0.3469387755102041,0.15011678448979593,0
2026-01-19,Damir Dzumhur,Francisco Cerundolo,Hard,0.21572706,0.19303797468354433,0.022689085316455665,,,0.20435510887772193,0.011371951122278068,0
2026-01-19,Damir Dzumhur,Liam Draxl,Hard,0.4452207,0.5449999999999999,-0.0997792999999999,,,0.5384615384615385,-0.09324083846153852,1
2026-01-19,Dane Sweeny,Ben Shelton,Hard,0.13232955,0.08256880733944955,0.049760742660550444,,,0.09828674481514879,0.0340428051848512,0
2026-01-19,Daniil Medvedev,Jesper De Jong,Hard,0.8023504,0.9433962264150944,-0.14104582641509433,,,0.9246088193456614,-0.1222584193456614,1
2026-01-19,Daniil Medvedev,Quentin Halys,Hard,0.8801449,0.8724832214765101,0.007661678523489868,,,0.8700696055684455,0.010075294431554527,1
2026-01-19,Elias Ymer,Alexander Shevchenko,Hard,0.5108794,0.3501144164759725,0.16076498352402746,,,0.3409090909090909,0.1699703090909091,0
2026-01-19,Eliot Spizzirri,Joao Fonseca,Hard,0.3294677,0.3942307692307692,-0.06476306923076924,,,0.37081339712918665,-0.041345697129186676,1
2026-01-19,Emilio Nava,Kyrian Jacquet,Hard,0.52250934,0.6157517899761337,-0.09324244997613362,,,0.594059405940594,-0.07155006594059399,1
2026-01-19,Flavio Cobolli,Arthur Fery,Hard,0.7758174,0.7083333333333334,0.06748406666666662,,,0.6911447084233262,0.08467269157667379,0
2026-01-19,Frances Tiafoe,Francisco Comesana,Hard,0.6800548,0.6847826086956522,-0.004727808695652258,,,0.6756756756756758,0.004379124324324191,1
2026-01-19,Francesco Maestrelli,Terence Atmane,Hard,0.44810557,0.37411764705882355,0.07398792294117645,,,0.36778846153846156,0.08031710846153844,1
2026-01-19,Gael Monfils,Dane Sweeny,Hard,0.73498094,0.6208530805687204,0.11412785943127968,,,0.6142506142506142,0.1207303257493858,0
2026-01-19,Grigor Dimitrov,Tomas Machac,Hard,0.5350275,0.4378109452736319,0.09721655472636809,,,0.4402035623409669,0.09482393765903308,0
2026-01-19,Hubert Hurkacz,Ethan Quinn,Hard,0.73804957,0.7650273224043717,-0.026977752404371613,,,0.7604562737642586,-0.022406703764258573,0
2026-01-19,Hubert Hurkacz,Zizou Bergs,Hard,0.64753807,0.703781512605042,-0.05624344260504199,,,0.6989247311827957,-0.05138666118279578,1
2026-01-19,Jaime Faria,Alexander Blockx,Hard,0.42071426,0.38242280285035635,0.03829145714964366,,,0.37939110070257615,0.04132315929742386,1
2026-01-19,Jakub Mensik,Rafael Jodar,Hard,0.74080557,0.6128266033254157,0.1279789666745843,,,0.6395348837209303,0.10127068627906977,1
2026-01-19,James Duckworth,Dino Prizmic,Hard,0.55458283,0.4599999999999999,0.09458283000000006,,,0.4510309278350516,0.10355190216494836,1
2026-01-19,James Duckworth,Jannik Sinner,Hard,0.075948454,0.011097681573453467,0.06485077242654654,,,0.01941934243414728,0.05652911156585272,0
2026-01-19,Jason Kubler,Frances Tiafoe,Hard,0.27228594,0.25818882466281307,0.014097115337186938,,,0.24528301886792456,0.027002921132075447,0
2026-01-19,Jaume Munar,Dalibor Svrcina,Hard,0.73870546,0.7885906040268457,-0.04988514402684563,,,0.7759856630824372,-0.03728020308243718,1
2026-01-19,Jiri Lehecka,Arthur Gea,Hard,0.8830595,0.7312252964426877,0.15183420355731225,,,0.7157894736842104,0.16727002631578958,0
2026-01-19,Jordan Thompson,Nuno Borges,Hard,0.53717303,0.3501144164759725,0.18705861352402753,,,0.39761904761904765,0.1395539823809524,0
2026-01-19,Kamil Majchrzak,Fabian Marozsan,Hard,0.48427758,0.40435835351089583,0.07991922648910416,,,0.40942928039702237,0.07484829960297762,0
2026-01-19,Kamil Majchrzak,Jacob Fearnley,Hard,0.6598948,0.6636771300448431,-0.003782330044843074,,,0.6575342465753424,0.0023605534246575743,1
2026-01-19,Karen Khachanov,Alex Michelsen,Hard,0.68794304,0.6109785202863962,0.07696451971360374,,,0.601965601965602,0.08597743803439795,1
2026-01-19,Karen Khachanov,Nishesh Basavareddy,Hard,0.82221246,0.7432432432432433,0.07896921675675672,,,0.7392996108949417,0.08291284910505836,1
2026-01-19,Lorenzo Sonego,Lorenzo Musetti,Hard,0.25886744,0.27710843373493976,-0.01824099373493976,,,0.30107526881720437,-0.04220782881720436,0
2026-01-19,Mackenzie Mcdonald,Alex De Minaur,Hard,0.15755257,0.04718693284936479,0.11036563715063522,,,0.087893864013267,0.069658705986733,0
2026-01-19,Marcos Giron,Learner Tien,Hard,0.31715077,0.37236533957845436,-0.05521456957845433,,,0.37081339712918665,-0.053662627129186624,0
2026-01-19,Mariano Navone,Hamad Medjedovic,Hard,0.4169614,0.3070362473347548,0.10992515266524516,,,0.3043478260869565,0.1126135739130435,0
2026-01-19,Marin Cilic,Daniel Altmaier,Hard,0.52174044,0.6223277909738718,-0.10058735097387184,,,0.6291866028708134,-0.10744616287081343,1
2026-01-19,Marin Cilic,Denis Shapovalov,Hard,0.4264784,0.41463414634146345,0.01184425365853653,,,0.425,0.0014783999999999908,1
2026-01-19,Martin Damm,Valentin Vacherot,Hard,0.29600623,0.3348314606741573,-0.03882523067415733,,,0.3498817966903074,-0.05387556669030741,0
2026-01-19,Marton Fucsovics,Alexander Bublik,Hard,0.2361738,0.17510853835021706,0.06106526164978293,,,0.1935483870967742,0.0426254129032258,0
2026-01-19,Marton Fucsovics,Camilo Ugo Carabelli,Hard,0.61856157,0.7980456026058633,-0.17948403260586332,,,0.7853403141361256,-0.1667787441361256,1
2026-01-19,Novak Djokovic,Francesco Maestrelli,Hard,0.8783431,0.9688162276718135,-0.09047312767181348,,,0.966022651565623,-0.0876795515656229,1
2026-01-19,Novak Djokovic,Pedro Martinez,Hard,0.902283,0.933997509339975,-0.031714509339975105,,,0.9423503325942351,-0.04006733259423512,1
2026-01-19,Pablo Carreno Busta,Jakub Mensik,Hard,0.34241205,0.1987179487179487,0.14369410128205132,,,0.22262118491921004,0.11979086508078998,0
2026-01-19,Patrick Kypson,Francisco Comesana,Hard,0.45447508,0.40435835351089583,0.050116726489104146,,,0.405,0.04947507999999995,0
2026-01-19,Quentin Halys,Alejandro Tabilo,Hard,0.31607822,0.525,-0.20892178,,,0.5542168674698794,-0.2381386474698794,1
2026-01-19,Rei Sakamoto,Rafael Jodar,Hard,0.4255289,0.3103448275862069,0.11518407241379308,,,0.2946058091286307,0.13092309087136927,0
2026-01-19,Reilly Opelka,Alejandro Davidovich Fokina,Hard,0.35173413,0.3055555555555555,0.046178574444444453,,,0.32432432432432434,0.027409805675675636,0
2026-01-19,Reilly Opelka,Nicolai Budkov Kjaer,Hard,0.73007506,0.6057692307692307,0.12430582923076927,,,0.6190476190476191,0.11102744095238093,1
2026-01-19,Roberto Bautista Agut,Juncheng Shang,Hard,0.5704476,0.2543021032504781,0.31614549674952197,,,0.2578125,0.31263510000000005,0
2026-01-19,Sebastian Baez,Luciano Darderi,Hard,0.5747678,0.5922330097087379,-0.017465209708737883,,,0.6097560975609757,-0.034988297560975656,0
2026-01-19,Sebastian Korda,Michael Zheng,Hard,0.92327195,0.7418111753371868,0.18146077466281318,,,0.7407407407407408,0.18253120925925914,0
2026-01-19,Stan Wawrinka,Arthur Gea,Hard,0.55908376,0.3890214797136038,0.17006228028639625,,,0.3872549019607843,0.17182885803921571,1
2026-01-19,Stan Wawrinka,Laslo Djere,Hard,0.45479533,0.5363408521303258,-0.08154552213032579,,,0.5256410256410255,-0.07084569564102555,1
2026-01-19,Stefanos Tsitsipas,Shintaro Mochizuki,Hard,0.8676859,0.8695652173913044,-0.0018793173913044248,,,0.8588957055214724,0.00879019447852758,1
2026-01-19,Stefanos Tsitsipas,Tomas Machac,Hard,0.4537297,0.39568345323741005,0.05804624676258996,,,0.40963855421686746,0.04409114578313256,0
2026-01-19,Tallon Griekspoor,Ethan Quinn,Hard,0.7076452,0.5486284289276808,0.15901677107231915,,,0.5465994962216625,0.1610457037783375,0
2026-01-19,Taylor Fritz,Valentin Royer,Hard,0.78965473,0.8622754491017964,-0.07262071910179646,,,0.85995085995086,-0.07029612995085999,1
2026-01-19,Taylor Fritz,Vit Kopriva,Hard,0.8822492,0.9009009009009009,-0.018651700900900958,,,0.886339937434828,-0.004090737434828018,1
2026-01-19,Tommy Paul,Aleksandar Kovacevic,Hard,0.79216146,0.8208955223880597,-0.028734062388059756,,,0.8273381294964028,-0.03517666949640286,1
2026-01-19,Ugo Humbert,Ben Shelton,Hard,0.3498612,0.40096618357487923,-0.05110498357487925,,,0.39999999999999997,-0.05013879999999998,0
2026-01-19,Valentin Vacherot,Rinky Hijikata,Hard,0.72849095,0.6467889908256881,0.08170195917431189,,,0.6306954436450839,0.09779550635491607,1
2026-01-19,Yannick Hanfmann,Carlos Alcaraz,Hard,0.06791471,0.01803249419746474,0.04988221580253527,,,0.03397734843437709,0.033937361565622916,0
2026-01-19,Yannick Hanfmann,Zachary Svajda,Hard,0.70458406,0.39234449760765555,0.3122395623923444,,,0.40594059405940597,0.298643465940594,1
2026-01-19,Yibing Wu,Eliot Spizzirri,Hard,0.4506074,0.4236453201970444,0.02696207980295562,,,0.43478260869565216,0.01582479130434783,0
2026-01-19,Yibing Wu,Luca Nardi,Hard,0.67253757,0.7706093189964158,-0.0980717489964158,,,0.7758620689655172,-0.10332449896551721,1
2026-02-02,Adrian Mannarino,Pedro Martinez,Hard,0.6307253,0.5956416464891041,0.03508365351089593,,,0.581453634085213,0.049271665914787044,1
2026-02-02,Adrian Mannarino,Ugo Humbert,Hard,0.3038321,0.18711656441717794,0.11671553558282205,,,0.17787742899850525,0.12595467100149474,1
2026-02-02,Aleksandar Kovacevic,Moise Kouame,Hard,0.83815205,0.6896551724137931,0.1484968775862069,,,0.6772009029345373,0.16095114706546276,1
2026-02-02,Aleksandar Kovacevic,Titouan Droguet,Hard,0.5604426,0.4861460957178841,0.07429650428211593,,,0.4757033248081842,0.08473927519181579,0
2026-02-02,Andrea Vavassori,Ugo Blanchet,Hard,0.4613677,0.5922330097087379,-0.13086530970873794,,,0.595,-0.13363229999999998,0
2026-02-02,Botic Van De Zandschulp,Ugo Humbert,Hard,0.30347994,0.25818882466281307,0.04529111533718694,,,0.23423423423423423,0.06924570576576577,0
2026-02-02,Flavio Cobolli,Luca Nardi,Hard,0.7442872,0.5508684863523574,0.19341871364764263,,,0.5541237113402062,0.19016348865979382,0
2026-02-02,Jan Choinski,Titouan Droguet,Hard,0.58071107,0.2632612966601179,0.3174497733398821,,,0.2603550295857988,0.3203560404142012,0
2026-02-02,Martin Damm,Hubert Hurkacz,Hard,0.32875672,0.2163543441226576,0.11240237587734239,,,0.22540250447227192,0.10335421552772808,1
2026-02-02,Martin Damm,Roberto Bautista Agut,Hard,0.5204168,0.5819070904645476,-0.06149029046454757,,,0.569620253164557,-0.04920345316455699,1
2026-02-02,Nikoloz Basilashvili,Luca Nardi,Hard,0.4909381,0.4215686274509804,0.0693694725490196,,,0.4177215189873418,0.07321658101265821,0
2026-02-02,Pablo Carreno Busta,Miomir Kecmanovic,Hard,0.5516718,0.43920595533498763,0.11246584466501242,,,0.45226130653266333,0.09941049346733671,1
2026-02-02,Pablo Carreno Busta,Tallon Griekspoor,Hard,0.44660622,0.4180929095354523,0.028513310464547692,,,0.420654911838791,0.025951308161208997,0
2026-02-02,Stan Wawrinka,Felix Auger Aliassime,Hard,0.15395917,0.2647058823529412,-0.11074671235294117,,,0.27536231884057966,-0.12140314884057965,0
2026-02-02,Stan Wawrinka,Hamad Medjedovic,Hard,0.3840382,0.3454545454545454,0.03858365454545459,,,0.3619489559164733,0.022089244083526693,1
2026-02-02,Ugo Blanchet,Arthur Fils,Hard,0.22544475,0.1987179487179487,0.026726801282051293,,,0.23007246376811594,-0.0046277137681159375,0
2026-02-02,Valentin Royer,Arthur Fils,Hard,0.32950115,0.4455445544554455,-0.11604340445544548,,,0.4346733668341708,-0.10517221683417077,0
2026-02-09,Adrian Mannarino,Adam Walton,Hard,0.5667064,0.5798525798525799,-0.01314617985257982,,,0.5625,0.0042064000000000545,1
2026-02-09,Alejandro Davidovich Fokina,Alex Michelsen,Hard,0.6583102,0.5349999999999999,0.12331020000000004,,,0.5384615384615385,0.11984866153846141,1
2026-02-09,Alejandro Davidovich Fokina,Zachary Svajda,Hard,0.80354816,0.6606334841628959,0.14291467583710404,,,0.7056451612903226,0.09790299870967734,1
2026-02-09,Alejandro Tabilo,Facundo Diaz Acosta,Clay,0.59959906,0.5188916876574307,0.0807073723425693,,,0.5372750642673522,0.0623239957326478,1
2026-02-09,Alejandro Tabilo,Joao Fonseca,Clay,0.41068485,0.389423076923077,0.021261773076923007,,,0.4029850746268657,0.0076997753731342655,1
2026-02-09,Alex De Minaur,Arthur Fils,Hard,0.66087055,0.7885906040268457,-0.12772005402684572,,,0.7759856630824372,-0.11511511308243727,1
2026-02-09,Alexander Bublik,Hubert Hurkacz,Hard,0.6086006,0.5459057071960297,0.06269489280397034,,,0.5555555555555556,0.05304504444444447,1
2026-02-09,Arthur Rinderknech,Stefanos Tsitsipas,Hard,0.49984187,0.3644859813084112,0.13535588869158882,,,0.3857493857493858,0.11409248425061425,0
2026-02-09,Botic Van De Zandschulp,Luka Pavlovic,Hard,0.8727475,0.8087091757387247,0.06403832426127531,,,0.8112324492979719,0.06151505070202812,1
2026-02-09,Botic Van De Zandschulp,Stefanos Tsitsipas,Hard,0.38963428,0.3137254901960784,0.07590878980392157,,,0.3333333333333333,0.056300946666666685,1
2026-02-09,Brandon Nakashima,Mattia Bellucci,Hard,0.653073,0.6896551724137931,-0.036582172413793135,,,0.6756756756756758,-0.022602675675675754,1
2026-02-09,Camilo Ugo Carabelli,Francisco Comesana,Clay,0.42510512,0.5486284289276808,-0.12352330892768082,,,0.5419847328244275,-0.11687961282442749,1
2026-02-09,Camilo Ugo Carabelli,Mariano Navone,Clay,0.43460858,0.42997542997543,0.004633150024570043,,,0.420654911838791,0.01395366816120902,1
2026-02-09,Damir Dzumhur,Hugo Dellien,Clay,0.56055886,0.4824120603015076,0.07814679969849242,,,0.4716494845360826,0.08890937546391742,0
2026-02-09,Daniil Medvedev,Ugo Humbert,Hard,0.5857679,0.6747787610619469,-0.08901086106194689,,,0.6651270207852193,-0.07935912078521934,0
2026-02-09,Denis Shapovalov,Aleksandar Kovacevic,Hard,0.6818815,0.7243460764587526,-0.04246457645875257,,,0.7231404958677686,-0.0412589958677686,1
2026-02-09,Denis Shapovalov,Rafael Jodar,Hard,0.68216306,0.5486284289276808,0.13353463107231922,,,0.5432098765432098,0.1389531834567902,1
2026-02-09,Eliot Spizzirri,Jack Pinnington Jones,Hard,0.6684228,0.6451612903225806,0.023261509677419356,,,0.6425233644859814,0.02589943551401863,0
2026-02-09,Emilio Nava,Mariano Navone,Clay,0.49912,0.3424036281179138,0.1567163718820862,,,0.3498817966903074,0.14923820330969262,0
2026-02-09,Ethan Quinn,Trevor Svajda,Hard,0.6432637,0.7636363636363636,-0.12037266363636356,,,0.774597495527728,-0.13133379552772806,1
2026-02-09,Federico Coria,Matteo Berrettini,Clay,0.13557364,0.12653975363941772,0.009033886360582277,,,0.13194444444444445,0.0036291955555555477,0
2026-02-09,Felix Auger Aliassime,Alexei Popyrin,Hard,0.8195392,0.8025682182985554,0.01697098170144462,,,0.7829181494661922,0.03662105053380782,1
2026-02-09,Felix Auger Aliassime,Hamad Medjedovic,Hard,0.78528726,0.7785467128027681,0.006740547197231939,,,0.7732142857142856,0.01207297428571441,1
2026-02-09,Flavio Cobolli,Jack Pinnington Jones,Hard,0.72310686,0.6258823529411764,0.09722450705882357,,,0.6395348837209303,0.08357197627906976,0
2026-02-09,Frances Tiafoe,Sebastian Korda,Hard,0.49031156,0.45864661654135336,0.03166494345864662,,,0.44999999999999996,0.040311560000000024,0
2026-02-09,Frances Tiafoe,Terence Atmane,Hard,0.67332447,0.7692307692307692,-0.09590629923076921,,,0.7575757575757576,-0.08425128757575762,1
2026-02-09,Francesco Passaro,Ignacio Buse,Clay,0.492535,0.6157517899761337,-0.12321678997613367,,,0.6030150753768844,-0.11048007537688437,0
2026-02-09,Gabriel Diallo,Ben Shelton,Hard,0.253902,0.17391304347826086,0.07998895652173915,,,0.1935483870967742,0.06035361290322583,0
2026-02-09,Grigor Dimitrov,Alex Michelsen,Hard,0.6895845,0.4936708860759494,0.19591361392405066,,,0.48849104859335046,0.20109345140664958,0
2026-02-09,Hugo Dellien,Francisco Cerundolo,Clay,0.21567366,0.154557463672391,0.06111619632760898,,,0.16317991631799159,0.052493743682008404,0
2026-02-09,James Duckworth,Eliot Spizzirri,Hard,0.47846538,0.25287356321839083,0.22559181678160917,,,0.23835125448028674,0.24011412551971326,0
2026-02-09,Jaume Munar,Nicolai Budkov Kjaer,Hard,0.744358,0.6514806378132119,0.0928773621867881,,,0.6575342465753424,0.08682375342465753,1
2026-02-09,Karen Khachanov,Jaume Munar,Hard,0.60494685,0.5888077858880778,0.01613906411192223,,,0.575,0.02994685000000008,0
2026-02-09,Karen Khachanov,Jesper De Jong,Hard,0.7224796,0.8344923504867873,-0.11201275048678727,,,0.8296943231441047,-0.10721472314410474,1
2026-02-09,Marcos Giron,Taylor Fritz,Hard,0.22742383,0.2813765182186235,-0.05395268821862348,,,0.3043478260869565,-0.07692399608695649,0
2026-02-09,Marin Cilic,Ethan Quinn,Hard,0.6379746,0.6208530805687204,0.017121519431279597,,,0.6172839506172839,0.02069064938271603,1
2026-02-09,Marin Cilic,Learner Tien,Hard,0.42736724,0.3008474576271186,0.12651978237288136,,,0.3025751072961374,0.12479213270386258,1
2026-02-09,Marton Fucsovics,Guy Den Ouden,Hard,0.7005888,0.7578558225508318,-0.057267022550831825,,,0.7663551401869159,-0.06576634018691585,0
2026-02-09,Matteo Berrettini,Vit Kopriva,Clay,0.8119483,0.6798245614035088,0.13212373859649118,,,0.682819383259912,0.12912891674008797,0
2026-02-09,Miomir Kecmanovic,Sho Shimabukuro,Hard,0.6111742,0.6038647342995169,0.007309465700483075,,,0.6024096385542168,0.008764561445783192,1
2026-02-09,Patrick Kypson,Aleksandar Kovacevic,Hard,0.48841104,0.42784810126582273,0.060562938734177285,,,0.28192371475953565,0.20648732524046437,0
2026-02-09,Pedro Martinez,Lautaro Midon,Clay,0.7686864,0.55,0.21868639999999995,,,0.5384615384615385,0.23022486153846144,1
2026-02-09,Quentin Halys,Mees Rottgering,Hard,0.75655884,0.7746478873239436,-0.018089047323943674,,,0.7787610619469026,-0.02220222194690269,1
2026-02-09,Quentin Halys,Tallon Griekspoor,Hard,0.33208302,0.3773584905660377,-0.0452754705660377,,,0.38095238095238093,-0.048869360952380925,0
2026-02-09,Roberto Bautista Agut,Cameron Norrie,Hard,0.3446575,0.24670433145009418,0.09795316854990582,,,0.24953095684803003,0.09512654315196997,0
2026-02-09,Sebastian Baez,Ignacio Buse,Clay,0.6621005,0.7157464212678937,-0.05364592126789369,,,0.6956521739130435,-0.03355167391304348,1
2026-02-09,Sebastian Korda,Michael Zheng,Hard,0.72280455,0.703781512605042,0.01902303739495803,,,0.7021276595744681,0.02067689042553189,1
2026-02-09,Stan Wawrinka,Alex De Minaur,Hard,0.17959216,0.11290322580645162,0.06668893419354838,,,0.13793103448275862,0.04166112551724138,0
2026-02-09,Stan Wawrinka,Thijs Boogaard,Hard,0.8407283,0.8095238095238094,0.03120449047619056,,,0.8620689655172414,-0.021340665517241453,1
2026-02-09,Taylor Fritz,Brandon Nakashima,Hard,0.73792875,0.5902439024390244,0.14768484756097566,,,0.6024096385542168,0.1355191114457832,1
2026-02-09,Tommy Paul,Jenson Brooksby,Hard,0.6421034,0.7228915662650603,-0.08078816626506036,,,0.7172557172557172,-0.07515231725571725,1
2026-02-09,Ugo Humbert,Guy Den Ouden,Hard,0.91551715,0.8788853161843515,0.036631833815648496,,,0.8771929824561403,0.0383241675438597,1
2026-02-09,Vit Kopriva,Alex Barrena,Clay,0.7222453,0.6545454545454545,0.06769984545454544,,,0.641025641025641,0.08121965897435901,1
2026-02-09,Zizou Bergs,Hamad Medjedovic,Hard,0.5039886,0.5125628140703519,-0.00857421407035186,,,0.5207253886010362,-0.016736788601036223,0
2026-02-16,Adam Walton,Gabriel Diallo,Hard,0.3023129,0.2916666666666667,0.01064623333333331,,,0.3043478260869565,-0.00203492608695649,1
2026-02-16,Alejandro Tabilo,Emilio Nava,Clay,0.6066082,0.6405529953917051,-0.03394479539170503,,,0.6871035940803383,-0.08049539408033823,1
2026-02-16,Alejandro Tabilo,Francesco Passaro,Clay,0.6359596,0.6783369803063457,-0.04237738030634575,,,0.6736842105263158,-0.037724610526315816,1
2026-02-16,Aleksandar Kovacevic,Zachary Svajda,Hard,0.56293416,0.36768149882903983,0.19525266117096013,,,0.36342592592592593,0.19950823407407403,0
2026-02-16,Alexei Popyrin,Jannik Sinner,Hard,0.09709734,0.031183772328186497,0.0659135676718135,,,0.05142286570144783,0.045674474298552176,0
2026-02-16,Andrey Rublev,Fabian Marozsan,Hard,0.60518914,0.5990338164251208,0.006155323574879246,,,0.6,0.0051891400000000365,1
2026-02-16,Andrey Rublev,Jesper De Jong,Hard,0.7057738,0.8401084010840109,-0.13433460108401085,,,0.8578431372549019,-0.1520693372549019,1
2026-02-16,Andrey Rublev,Stefanos Tsitsipas,Hard,0.5834404,0.583941605839416,-0.0005012058394160412,,,0.57356608478803,0.00987431521197002,1
2026-02-16,Arthur Rinderknech,Carlos Alcaraz,Hard,0.06541212,0.04153354632587859,0.02387857367412141,,,0.05142286570144783,0.013989254298552176,0
2026-02-16,Brandon Nakashima,Coleman Wong,Hard,0.7609286,0.7157464212678937,0.04518217873210628,,,0.7034632034632035,0.0574653965367965,0
2026-02-16,Carlos Alcaraz,Valentin Royer,Hard,0.9115123,0.956738768718802,-0.04522646871880198,,,0.9428729894620077,-0.03136068946200765,1
2026-02-16,Damir Dzumhur,Jaime Faria,Clay,0.50950825,0.39759036144578314,0.11191788855421686,,,0.3950617283950617,0.11444652160493829,0
2026-02-16,Damir Dzumhur,Pedro Martinez,Clay,0.49049866,0.4236453201970444,0.0668533398029556,,,0.40942928039702237,0.08106937960297761,1
2026-02-16,Daniil Medvedev,Juncheng Shang,Hard,0.7940156,0.7885906040268457,0.005424995973154378,,,0.7575757575757576,0.036439842424242475,1
2026-02-16,Daniil Medvedev,Stefanos Tsitsipas,Hard,0.68927616,0.7157464212678937,-0.026470261267893647,,,0.7302231237322514,-0.040946963732251374,0
2026-02-16,Dusan Lajovic,Daniel Altmaier,Clay,0.5016801,0.4419753086419754,0.05970479135802459,,,0.4561855670103092,0.04549453298969075,1
2026-02-16,Ethan Quinn,Rafael Jodar,Hard,0.53051573,0.506265664160401,0.02425006583959899,,,0.5115089514066496,0.019006778593350315,0
2026-02-16,Flavio Cobolli,Terence Atmane,Hard,0.5996439,0.531328320802005,0.06831557919799502,,,0.5489690721649485,0.050674827835051506,1
2026-02-16,Frances Tiafoe,Rinky Hijikata,Hard,0.69939536,0.7692307692307692,-0.06983540923076914,,,0.7547169811320754,-0.055321621132075394,1
2026-02-16,Frances Tiafoe,Zachary Svajda,Hard,0.7617201,0.6560364464692484,0.1056836535307516,,,0.6425233644859814,0.11919673551401866,1
2026-02-16,Francesco Passaro,Dino Prizmic,Clay,0.46664664,0.3423423423423423,0.12430429765765771,,,0.3409090909090909,0.12573754909090912,1
2026-02-16,Francisco Cerundolo,Mariano Navone,Clay,0.7072106,0.6896551724137931,0.017555427586206873,,,0.6756756756756758,0.031534924324324254,1
2026-02-16,Jan Choinski,Jakub Mensik,Hard,0.17395633,0.154557463672391,0.019398866327608982,,,0.17910447761194032,-0.0051481476119403236,0
2026-02-16,Jannik Sinner,Jakub Mensik,Hard,0.9226938,0.9098428453267162,0.012850954673283788,,,0.903342366757001,0.01935143324299904,0
2026-02-16,Jannik Sinner,Tomas Machac,Hard,0.92808175,0.9265614275909403,0.001520322409059749,,,0.912106135986733,0.01597561401326708,1
2026-02-16,Jenson Brooksby,Jiri Lehecka,Hard,0.37547728,0.35962877030162416,0.015848509698375868,,,0.36319612590799033,0.012281154092009694,0
2026-02-16,Jiri Lehecka,Arthur Fils,Hard,0.57794124,0.5956416464891041,-0.017700406489104092,,,0.5876543209876544,-0.009713080987654332,0
2026-02-16,Kamil Majchrzak,Arthur Fils,Hard,0.38685283,0.3103448275862069,0.07650800241379307,,,0.3227990970654627,0.06405373293453726,0
2026-02-16,Karen Khachanov,Carlos Alcaraz,Hard,0.12699476,0.08657664813343924,0.040418111866560774,,,0.09828674481514879,0.02870801518485122,0
2026-02-16,Karen Khachanov,Shintaro Mochizuki,Hard,0.85639656,0.8542713567839196,0.0021252032160803402,,,0.8519003931847969,0.00449616681520304,1
2026-02-16,Mackenzie Mcdonald,Sebastian Korda,Hard,0.28068957,0.2052980132450331,0.07539155675496689,,,0.21465968586387432,0.06602988413612568,0
2026-02-16,Marcos Giron,Casper Ruud,Hard,0.24383537,0.3393665158371041,-0.09553114583710409,,,0.3574766355140187,-0.11364126551401871,0
2026-02-16,Marcos Giron,Sho Shimabukuro,Hard,0.61198914,0.6896551724137931,-0.0776660324137931,,,0.6772009029345373,-0.06521176293453723,1
2026-02-16,Marin Cilic,Brandon Nakashima,Hard,0.42006475,0.41463414634146345,0.005430603658536537,,,0.41475826972010177,0.005306480279898218,0
2026-02-16,Marton Fucsovics,Hady Habib,Hard,0.68567425,0.8321579689703807,-0.1464837189703807,,,0.8245877061469264,-0.1389134561469264,1
2026-02-16,Marton Fucsovics,Karen Khachanov,Hard,0.28001377,0.33184855233853,-0.051834782338530005,,,0.32432432432432434,-0.04431055432432435,0
2026-02-16,Miomir Kecmanovic,Learner Tien,Hard,0.36287734,0.336322869955157,0.026554470044843015,,,0.34117647058823525,0.021700869411764745,0
2026-02-16,Miomir Kecmanovic,Mattia Bellucci,Hard,0.52990144,0.6606741573033709,-0.13077271730337092,,,0.6575342465753424,-0.12763280657534248,1
2026-02-16,Moez Echargui,Stefanos Tsitsipas,Hard,0.2554791,0.11290322580645162,0.1425758741935484,,,0.12184412733260155,0.13363497266739846,0
2026-02-16,Nuno Borges,Coleman Wong,Hard,0.66849416,0.5693069306930693,0.09918722930693069,,,0.5512820512820513,0.11721210871794863,0
2026-02-16,Patrick Kypson,Terence Atmane,Hard,0.4350647,0.5693069306930693,-0.13424223069306923,,,0.5597964376590331,-0.12473173765903306,0
2026-02-16,Quentin Halys,Arthur Fils,Hard,0.2421837,0.27991886409736305,-0.03773516409736305,,,0.28571428571428575,-0.04353058571428575,0
2026-02-16,Sebastian Baez,Jaime Faria,Clay,0.70741934,0.804416403785489,-0.096997063785489,,,0.8,-0.09258066000000009,0
2026-02-16,Sebastian Korda,Alex Michelsen,Hard,0.5708358,0.5819070904645476,-0.011071290464547578,,,0.5793450881612091,-0.008509288161209105,1
2026-02-16,Thiago Monteiro,Joao Fonseca,Clay,0.25487527,0.2481203007518797,0.006754969248120274,,,0.2618110236220473,-0.0069357536220472915,0
2026-02-16,Tommy Paul,Adam Walton,Hard,0.803577,0.9051724137931034,-0.10159541379310344,,,0.879120879120879,-0.07554387912087901,1
2026-02-16,Tommy Paul,Corentin Moutet,Hard,0.6283278,0.7746478873239436,-0.14632008732394364,,,0.7606679035250463,-0.13234010352504633,1
2026-02-16,Ugo Humbert,Fabian Marozsan,Hard,0.5696229,0.5763546798029557,-0.006731779802955695,,,0.5905707196029777,-0.020947819602977646,0
2026-02-16,Valentin Vacherot,Alex Michelsen,Hard,0.5343405,0.5125628140703519,0.021777685929648127,,,0.5026041666666667,0.031736333333333255,0
2026-02-16,Vit Kopriva,Gustavo Heide,Clay,0.5038381,0.5798525798525799,-0.07601447985257992,,,0.5612244897959184,-0.05738638979591848,1
2026-02-16,Zizou Bergs,Jiri Lehecka,Hard,0.32765725,0.3454545454545454,-0.017797295454545392,,,0.34834123222748814,-0.02068398222748813,0
2026-02-23,Adam Walton,Aleksandar Kovacevic,Hard,0.44140002,0.4215686274509804,0.01983139254901961,,,0.4274809160305344,0.013919103969465607,0
2026-02-23,Adrian Mannarino,Sho Shimabukuro,Hard,0.5374287,0.5088161209068011,0.02861257909319892,,,0.5552699228791774,-0.017841222879177443,0
2026-02-23,Alejandro Davidovich Fokina,Mattia Bellucci,Hard,0.79893225,0.8025682182985554,-0.003635968298555392,,,0.8064516129032258,-0.007519362903225746,0
2026-02-23,Alex De Minaur,Patrick Kypson,Hard,0.8824644,0.9098428453267162,-0.027378445326716183,,,0.903342366757001,-0.020877966757000932,0
2026-02-23,Alexander Bublik,Tallon Griekspoor,Hard,0.66457295,0.7200811359026369,-0.05550818590263684,,,0.7127882599580713,-0.04821530995807122,0
2026-02-23,Alexander Zverev,Corentin Moutet,Hard,0.8242229,0.8128834355828222,0.011339464417177814,,,0.8051529790660225,0.019069920933977524,1
2026-02-23,Alexander Zverev,Miomir Kecmanovic,Hard,0.8531233,0.819672131147541,0.03345116885245902,,,0.8064516129032258,0.04667168709677427,0
2026-02-23,Alexei Popyrin,Jakub Mensik,Hard,0.3200216,0.27991886409736305,0.040102735902636966,,,0.2768595041322314,0.04316209586776859,0
2026-02-23,Andrea Pellegrino,Alex Barrena,Clay,0.5261781,0.5188916876574307,0.007286412342569326,,,0.5271317829457364,-0.0009536829457363893,1
2026-02-23,Andrea Pellegrino,Francisco Comesana,Clay,0.3598538,0.3070362473347548,0.05281755266524518,,,0.3212669683257918,0.03858683167420818,1
2026-02-23,Andrey Rublev,Arthur Rinderknech,Hard,0.5920038,0.7518796992481203,-0.1598758992481203,,,0.7425742574257426,-0.1505704574257426,1
2026-02-23,Andrey Rublev,Ugo Humbert,Hard,0.53829837,0.6258823529411764,-0.08758398294117642,,,0.6306954436450839,-0.09239707364508387,1
2026-02-23,Andrey Rublev,Valentin Royer,Hard,0.73216385,0.8128834355828222,-0.08071958558282222,,,0.7867132867132867,-0.054549436713286714,1
2026-02-23,Arthur Rinderknech,Fabian Marozsan,Hard,0.5193572,0.3942307692307692,0.12512643076923075,,,0.3932038834951457,0.12615331650485428,1
2026-02-23,Arthur Rinderknech,Jack Draper,Hard,0.22573578,0.23076923076923075,-0.005033450769230757,,,0.25595238095238093,-0.030216600952380934,1
2026-02-23,Cameron Norrie,Rafael Jodar,Hard,0.7356967,0.6038647342995169,0.13183196570048306,,,0.5679012345679013,0.16779546543209867,0
2026-02-23,Casper Ruud,Yibing Wu,Hard,0.76780844,0.6798245614035088,0.08798387859649126,,,0.6896551724137931,0.07815326758620689,0
2026-02-23,Cristian Garin,Sebastian Baez,Clay,0.45878366,0.3008474576271186,0.15793620237288136,,,0.31972789115646255,0.13905576884353743,0
2026-02-23,Dalibor Svrcina,Flavio Cobolli,Hard,0.32894138,0.40435835351089583,-0.07541697351089582,,,0.39759036144578314,-0.06864898144578313,0
2026-02-23,Daniel Altmaier,Alejandro Davidovich Fokina,Hard,0.22115059,0.1457286432160804,0.07542194678391961,,,0.15032679738562088,0.07082379261437913,0
2026-02-23,Daniil Medvedev,Jenson Brooksby,Hard,0.7348926,0.7692307692307692,-0.034338169230769156,,,0.7849829351535836,-0.05009033515358363,1
2026-02-23,Daniil Medvedev,Juncheng Shang,Hard,0.8017617,0.8223201174743026,-0.020558417474302537,,,0.8077544426494345,-0.0059927426494345015,1
2026-02-23,Dusan Lajovic,Yannick Hanfmann,Clay,0.4141185,0.4057971014492754,0.008321398550724612,,,0.39800995024875624,0.01610854975124376,0
2026-02-23,Elias Ymer,Brandon Nakashima,Hard,0.2209659,0.16434540389972144,0.056620496100278556,,,0.17541229385307344,0.04555360614692655,0
2026-02-23,Felix Auger Aliassime,Jiri Lehecka,Hard,0.7010509,0.6681514476614699,0.03289945233853009,,,0.6542056074766355,0.04684529252336456,1
2026-02-23,Flavio Cobolli,Rodrigo Pacheco Mendez,Hard,0.78875214,0.7849829351535836,0.0037692048464164074,,,0.77737881508079,0.01137332491921006,1
2026-02-23,Frances Tiafoe,Aleksandar Kovacevic,Hard,0.6960793,0.7270916334661355,-0.031012333466135522,,,0.7081545064377682,-0.012075206437768271,1
2026-02-23,Frances Tiafoe,Nuno Borges,Hard,0.5449331,0.6338028169014085,-0.08886971690140855,,,0.7075471698113207,-0.16261406981132076,1
2026-02-23,Francisco Cerundolo,Elmer Moller,Clay,0.87551683,0.8401084010840109,0.035408428915989165,,,0.8258258258258259,0.04969100417417416,1
2026-02-23,Gael Monfils,Damir Dzumhur,Hard,0.70362234,0.6095238095238095,0.09409853047619055,,,0.6,0.10362234000000003,1
2026-02-23,Gael Monfils,Valentin Vacherot,Hard,0.43542922,0.25818882466281307,0.17724039533718694,,,0.27710843373493976,0.15832078626506024,0
2026-02-23,Grigor Dimitrov,Terence Atmane,Hard,0.7597742,0.6991525423728814,0.060621657627118575,,,0.6787330316742082,0.08104116832579178,0
2026-02-23,Hubert Hurkacz,Jakub Mensik,Hard,0.4842371,0.4215686274509804,0.06266847254901958,,,0.420654911838791,0.06358218816120897,0
2026-02-23,James Duckworth,Dalibor Svrcina,Hard,0.5255419,0.425061425061425,0.10048047493857498,,,0.41854636591478694,0.10699553408521306,0
2026-02-23,Jiri Lehecka,Luca Nardi,Hard,0.78849304,0.8025682182985554,-0.014075178298555424,,,0.7929883138564275,-0.004495273856427562,1
2026-02-23,Kamil Majchrzak,Alexei Popyrin,Hard,0.4619936,0.4613466334164589,0.0006469665835411309,,,0.45569620253164556,0.006297397468354449,0
2026-02-23,Karen Khachanov,Alexander Shevchenko,Hard,0.7574272,0.7836456558773424,-0.026218455877342395,,,0.7759856630824372,-0.01855846308243725,1
2026-02-23,Karen Khachanov,Jenson Brooksby,Hard,0.5569424,0.6109785202863962,-0.05403612028639626,,,0.6189320388349514,-0.061989638834951455,0
2026-02-23,Mariano Navone,Luciano Darderi,Clay,0.35803872,0.3252212389380531,0.032817481061946874,,,0.32432432432432434,0.033714395675675635,0
2026-02-23,Matias Soto,Vilius Gaubas,Clay,0.16668326,0.21501706484641642,-0.04833380484641642,,,0.2314647377938517,-0.06478147779385171,0
2026-02-23,Matteo Berrettini,Emilio Nava,Clay,0.7837739,0.7403846153846154,0.043389284615384605,,,0.7246376811594202,0.059136218840579846,0
2026-02-23,Miomir Kecmanovic,Tristan Schoolkate,Hard,0.61907506,0.745697896749522,-0.12662283674952202,,,0.7425742574257426,-0.12349919742574256,1
2026-02-23,Nicolas Jarry,Dino Prizmic,Clay,0.6239629,0.3579676674364896,0.2659952325635104,,,0.3333333333333333,0.29062956666666667,0
2026-02-23,Pablo Carreno Busta,Denis Shapovalov,Hard,0.38529134,0.3055555555555555,0.07973578444444446,,,0.3212669683257918,0.06402437167420816,1
2026-02-23,Pablo Carreno Busta,Jiri Lehecka,Hard,0.32333246,0.24214417744916825,0.08118828255083174,,,0.25742574257425743,0.06590671742574256,0
2026-02-23,Patrick Kypson,Brandon Nakashima,Hard,0.28040144,0.3454545454545454,-0.0650531054545454,,,0.32885906040268453,-0.04845762040268453,0
2026-02-23,Pedro Martinez,Francisco Comesana,Clay,0.40685096,0.37089201877934275,0.03595894122065724,,,0.3589743589743589,0.04787660102564106,0
2026-02-23,Quentin Halys,Jack Draper,Hard,0.1350438,0.27710843373493976,-0.14206463373493977,,,0.25650557620817843,-0.12146177620817844,0
2026-02-23,Rinky Hijikata,Mattia Bellucci,Hard,0.45467776,0.5239294710327457,-0.06925171103274569,,,0.5235602094240838,-0.06888244942408378,0
2026-02-23,Stan Wawrinka,Benjamin Hassan,Hard,0.6383815,0.8505154639175257,-0.2121339639175257,,,0.8463541666666666,-0.20797266666666658,1
2026-02-23,Stan Wawrinka,Daniil Medvedev,Hard,0.14308217,0.16550764951321278,-0.022425479513212776,,,0.16666666666666663,-0.02358449666666662,0
2026-02-23,Stefanos Tsitsipas,Ugo Humbert,Hard,0.45538545,0.47368421052631576,-0.018298760526315738,,,0.4780361757105944,-0.0226507257105944,0
2026-02-23,Tallon Griekspoor,Jakub Mensik,Hard,0.3598402,0.3008474576271186,0.05899274237288138,,,0.2980561555075594,0.061784044492440626,1
2026-02-23,Tallon Griekspoor,Otto Virtanen,Hard,0.7105183,0.5819070904645476,0.12861120953545246,,,0.5778894472361809,0.1326288527638192,1
2026-02-23,Terence Atmane,Rafael Jodar,Hard,0.5729508,0.3103448275862069,0.2626059724137931,,,0.32432432432432434,0.24862647567567564,1
2026-02-23,Valentin Vacherot,Coleman Wong,Hard,0.7132091,0.6636771300448431,0.04953196995515696,,,0.6588235294117647,0.054385570588235344,1
2026-02-23,Vilius Gaubas,Dino Prizmic,Clay,0.49327064,0.29313929313929316,0.20013134686070683,,,0.30131004366812225,0.19196059633187773,1
2026-02-23,Yannick Hanfmann,Camilo Ugo Carabelli,Clay,0.5876872,0.6190476190476191,-0.031360419047619104,,,0.6,-0.012312800000000013,1
2026-02-23,Yibing Wu,Sho Shimabukuro,Hard,0.45745367,0.7243460764587526,-0.2668924064587526,,,0.7246376811594202,-0.2671840111594202,1
2026-02-23,Zizou Bergs,Jenson Brooksby,Hard,0.43603832,0.49246231155778897,-0.05642399155778899,,,0.4922680412371133,-0.05622972123711334,0
2026-03-04,Adam Walton,Learner Tien,Hard,0.2667214,0.16784203102961914,0.09887936897038085,,,0.17541229385307344,0.09130910614692656,0
2026-03-04,Adrian Mannarino,Matteo Berrettini,Hard,0.3514768,0.33035714285714285,0.02111965714285713,,,0.33487297921478054,0.016603820785219436,0
2026-03-04,Alejandro Davidovich Fokina,Zachary Svajda,Hard,0.79554355,0.5888077858880778,0.20673576411192218,,,0.6029776674937966,0.19256588250620343,1
2026-03-04,Alejandro Tabilo,Rafael Jodar,Hard,0.61013854,0.40920096852300236,0.20093757147699765,,,0.41518987341772146,0.19494866658227855,1
2026-03-04,Alex De Minaur,Sebastian Korda,Hard,0.71470606,0.6091127098321343,0.10559335016786575,,,0.6291866028708134,0.08551945712918663,1
2026-03-04,Alexander Zverev,Matteo Berrettini,Hard,0.7521526,0.7798960138648179,-0.027743413864817934,,,0.7839721254355401,-0.03181952543554012,1
2026-03-04,Alexei Popyrin,Jenson Brooksby,Hard,0.46257392,0.4405940594059406,0.02197986059405943,,,0.4346733668341708,0.027900553165829234,0
2026-03-04,Andrey Rublev,Gabriel Diallo,Hard,0.641414,0.7352941176470589,-0.09388011764705884,,,0.7216494845360824,-0.08023548453608231,0
2026-03-04,Benjamin Bonzi,Francisco Cerundolo,Hard,0.33251333,0.2842535787321063,0.04825975126789367,,,0.3037974683544304,0.028715861645569607,0
2026-03-04,Benjamin Bonzi,Valentin Royer,Hard,0.4709009,0.5175879396984925,-0.04668703969849247,,,0.5089974293059126,-0.03809652930591262,1
2026-03-04,Camilo Ugo Carabelli,Brandon Nakashima,Hard,0.26192576,0.18836140888208272,0.07356435111791729,,,0.19484702093397746,0.06707873906602255,0
2026-03-04,Casper Ruud,Alexander Shevchenko,Hard,0.82351154,0.8208955223880597,0.0026160176119403022,,,0.8164852255054432,0.007026314494556818,1
2026-03-04,Corentin Moutet,Aleksandar Kovacevic,Hard,0.61925554,0.5853658536585367,0.03388968634146339,,,0.5728643216080401,0.04639121839195992,0
2026-03-04,Damir Dzumhur,Jacob Fearnley,Hard,0.45016408,0.45273631840796025,-0.0025722384079602256,,,0.4430379746835443,0.007126105316455744,0
2026-03-04,Daniel Merida Aguilar,Alex Michelsen,Hard,0.103385165,0.27710843373493976,-0.17372326873493976,,,0.2618110236220473,-0.15842585862204728,0
2026-03-04,Frances Tiafoe,Flavio Cobolli,Hard,0.5599558,0.531328320802005,0.02862747919799502,,,0.5348837209302325,0.025072079069767494,1
2026-03-04,Frances Tiafoe,Jenson Brooksby,Hard,0.48679888,0.4987468671679198,-0.011947987167919838,,,0.4987146529562982,-0.011915772956298198,1
2026-03-04,Gael Monfils,Alexis Galarneau,Hard,0.69072187,0.6057692307692307,0.08495263923076923,,,0.5970149253731344,0.09370694462686557,1
2026-03-04,Gael Monfils,Felix Auger Aliassime,Hard,0.24242295,0.18711656441717794,0.055306385582822054,,,0.18604651162790697,0.056376438372093024,0
2026-03-04,Grigor Dimitrov,Terence Atmane,Hard,0.74172276,0.5922330097087379,0.1494897502912621,,,0.583756345177665,0.1579664148223351,1
2026-03-04,Hubert Hurkacz,Aleksandar Kovacevic,Hard,0.6577398,0.6813186813186813,-0.023578881318681355,,,0.6756756756756758,-0.017935875675675783,0
2026-03-04,James Duckworth,Dalibor Svrcina,Hard,0.5018033,0.3201754385964912,0.18162786140350873,,,0.32584269662921345,0.1759606033707865,0
2026-03-04,Jannik Sinner,Dalibor Svrcina,Hard,0.9495555,0.9671179883945842,-0.017562488394584186,,,0.9622501850481125,-0.012694685048112553,1
2026-03-04,Karen Khachanov,Joao Fonseca,Hard,0.5398736,0.4306930693069307,0.10918053069306927,,,0.4332493702770781,0.10662422972292185,0
2026-03-04,Mackenzie Mcdonald,Matteo Arnaldi,Hard,0.42974246,0.5922330097087379,-0.16249054970873794,,,0.581453634085213,-0.151711174085213,1
2026-03-04,Marcos Giron,Jakub Mensik,Hard,0.31912643,0.2871900826446281,0.03193634735537193,,,0.28870292887029286,0.030423501129707153,0
2026-03-04,Marcos Giron,Mariano Navone,Hard,0.6945282,0.7200811359026369,-0.025552935902636853,,,0.7112970711297071,-0.01676887112970704,1
2026-03-04,Marin Cilic,Zachary Svajda,Hard,0.69646406,0.5643564356435643,0.13210762435643575,,,0.5679012345679013,0.12856282543209874,0
2026-03-04,Martin Damm,Camilo Ugo Carabelli,Hard,0.57809263,0.6451612903225806,-0.06706866032258063,,,0.6280193236714976,-0.0499266936714976,0
2026-03-04,Marton Fucsovics,Lorenzo Musetti,Hard,0.290654,0.25818882466281307,0.03246517533718696,,,0.27536231884057966,0.015291681159420367,1
2026-03-04,Mattia Bellucci,Gabriel Diallo,Hard,0.44073138,0.47236180904522607,-0.03163042904522606,,,0.4629156010230179,-0.02218422102301787,0
2026-03-04,Miomir Kecmanovic,Flavio Cobolli,Hard,0.4862351,0.5399999999999999,-0.05376489999999995,,,0.5324675324675325,-0.04623243246753256,0
2026-03-04,Novak Djokovic,Kamil Majchrzak,Hard,0.8407695,0.881427072402938,-0.0406575724029381,,,0.8700696055684455,-0.029300105568445534,1
2026-03-04,Nuno Borges,Emilio Nava,Hard,0.6066898,0.5922330097087379,0.014456790291262012,,,0.6029776674937966,0.0037121325062033916,1
2026-03-04,Nuno Borges,Valentin Vacherot,Hard,0.42600182,0.42716049382716054,-0.0011586738271605612,,,0.420654911838791,0.005346908161208974,0
2026-03-04,Quentin Halys,Adam Walton,Hard,0.48397082,0.6325581395348837,-0.1485873195348837,,,0.633734939759036,-0.14976411975903603,0
2026-03-04,Raphael Collignon,Joao Fonseca,Hard,0.34847623,0.4222222222222223,-0.07374599222222228,,,0.4375,-0.08902377,0
2026-03-04,Reilly Opelka,Ben Shelton,Hard,0.30826983,0.22671353251318105,0.08155629748681897,,,0.23285198555956682,0.0754178444404332,0
2026-03-04,Reilly Opelka,Ethan Quinn,Hard,0.7291447,0.4563591022443891,0.2727855977556109,,,0.4416243654822335,0.2875203345177665,1
2026-03-04,Rinky Hijikata,Francesco Maestrelli,Hard,0.5304811,0.5749385749385749,-0.04445747493857488,,,0.5597964376590331,-0.029315337659033047,1
2026-03-04,Rinky Hijikata,Luciano Darderi,Hard,0.40643892,0.31868131868131866,0.08775760131868132,,,0.32885906040268453,0.07757985959731545,1
2026-03-04,Roberto Bautista Agut,Fabian Marozsan,Hard,0.36937264,0.2481203007518797,0.12125233924812026,,,0.21357615894039736,0.15579648105960262,1
2026-03-04,Roberto Bautista Agut,Jack Draper,Hard,0.19137698,0.1457286432160804,0.04564833678391961,,,0.15311653116531165,0.03826044883468835,0
2026-03-04,Sebastian Korda,Francisco Comesana,Hard,0.70322335,0.8344923504867873,-0.13126900048678725,,,0.8233532934131738,-0.12012994341317373,1
2026-03-04,Sho Shimabukuro,Alexander Shevchenko,Hard,0.5015496,0.5770171149144254,-0.07546751491442538,,,0.5793450881612091,-0.07779548816120907,0
2026-03-04,Stefanos Tsitsipas,Denis Shapovalov,Hard,0.515291,0.5784313725490196,-0.0631403725490195,,,0.5440414507772021,-0.028750450777202063,0
2026-03-04,Tommy Paul,Zizou Bergs,Hard,0.725366,0.78125,-0.055884000000000045,,,0.7839721254355401,-0.05860612543554011,1
2026-03-04,Tristan Schoolkate,Dino Prizmic,Hard,0.5261015,0.2543021032504781,0.2717993967495219,,,0.2618110236220473,0.2642904763779527,0
2026-03-04,Vit Kopriva,Michael Zheng,Hard,0.44570506,0.45864661654135336,-0.012941556541353372,,,0.4534005037783375,-0.00769544377833753,1
2026-03-18,Adam Walton,Jakub Mensik,Hard,0.18240269,0.25961538461538464,-0.07721269461538463,,,0.2618110236220473,-0.07940833362204727,0
2026-03-18,Adam Walton,Sebastian Baez,Hard,0.3667128,0.4201474201474202,-0.053434620147420175,,,0.4332493702770781,-0.0665365702770781,1
2026-03-18,Adrian Mannarino,Tommy Paul,Hard,0.2737881,0.21008403361344535,0.06370406638655463,,,0.21465968586387432,0.05912841413612566,0
2026-03-18,Alejandro Tabilo,Francisco Comesana,Hard,0.5916437,0.6681514476614699,-0.07650774766146995,,,0.6666666666666667,-0.07502296666666675,1
2026-03-18,Aleksandar Kovacevic,Rei Sakamoto,Hard,0.6282617,0.6057692307692307,0.022492469230769307,,,0.6123456790123457,0.015916020987654322,0
2026-03-18,Aleksandar Vukic,Rafael Jodar,Hard,0.5019922,0.23214285714285715,0.26984934285714285,,,0.23076923076923078,0.2712229692307692,0
2026-03-18,Alexander Bublik,Matteo Berrettini,Hard,0.6381711,0.6175771971496438,0.020593902850356227,,,0.5970149253731344,0.041156174626865605,0
2026-03-18,Alexander Shevchenko,Ben Shelton,Hard,0.16942337,0.12376779846659364,0.04565557153340635,,,0.1492146596858639,0.020208710314136097,1
2026-03-18,Alexander Shevchenko,Matteo Arnaldi,Hard,0.4300387,0.5486284289276808,-0.11858972892768083,,,0.5478036175710594,-0.11776491757105945,1
2026-03-18,Alexandre Muller,Matteo Berrettini,Hard,0.34008718,0.2114093959731544,0.1286777840268456,,,0.21465968586387432,0.12542749413612567,0
2026-03-18,Andrey Rublev,Alejandro Tabilo,Hard,0.63198453,0.6896551724137931,-0.05767064241379316,,,0.6787330316742082,-0.04674850167420819,0
2026-03-18,Arthur Rinderknech,Terence Atmane,Hard,0.67626756,0.5853658536585367,0.09090170634146333,,,0.5793450881612091,0.09692247183879088,0
2026-03-18,Botic Van De Zandschulp,Denis Shapovalov,Hard,0.43902522,0.3564814814814815,0.08254373851851848,,,0.36778846153846156,0.07123675846153843,1
2026-03-18,Botic Van De Zandschulp,Taylor Fritz,Hard,0.24038021,0.24214417744916825,-0.0017639674491682356,,,0.24528301886792456,-0.004902808867924546,0
2026-03-18,Cameron Norrie,Alex Michelsen,Hard,0.5380797,0.3990384615384615,0.13904123846153854,,,0.41959798994974873,0.11848171005025132,0
2026-03-18,Camilo Ugo Carabelli,Sebastian Korda,Hard,0.23375466,0.1377245508982036,0.09603010910179641,,,0.14698162729658795,0.08677303270341205,0
2026-03-18,Carlos Alcaraz,Joao Fonseca,Hard,0.89536965,0.8542713567839196,0.041098293216080384,,,0.8379888268156425,0.057380823184357554,1
2026-03-18,Casper Ruud,Ethan Quinn,Hard,0.830925,0.6323185011709602,0.1986064988290398,,,0.6470588235294118,0.18386617647058823,0
2026-03-18,Corentin Moutet,Tomas Machac,Hard,0.39956605,0.40291262135922323,-0.003346571359223227,,,0.405,-0.005433950000000021,1
2026-03-18,Damir Dzumhur,Ignacio Buse,Hard,0.3690546,0.3439635535307517,0.025091046469248313,,,0.35714285714285715,0.01191174285714286,1
2026-03-18,Damir Dzumhur,Jannik Sinner,Hard,0.05570156,0.00999900999901,0.045702550000989994,,,0.017716190142080337,0.03798536985791966,0
2026-03-18,Daniel Altmaier,Terence Atmane,Hard,0.46949446,0.3252212389380531,0.1442732210619469,,,0.3201754385964912,0.14931902140350878,0
2026-03-18,Daniil Medvedev,Rei Sakamoto,Hard,0.88180035,0.9134233518665608,-0.03162300186656075,,,0.9246088193456614,-0.042808469345661404,1
2026-03-18,Emilio Nava,Tomas Machac,Hard,0.20651288,0.32372505543237257,-0.11721217543237256,,,0.3317972350230415,-0.12528435502304147,0
2026-03-18,Fabian Marozsan,Joao Fonseca,Hard,0.42744726,0.27991886409736305,0.14752839590263694,,,0.29978118161925604,0.12766607838074395,0
2026-03-18,Flavio Cobolli,Raphael Collignon,Hard,0.512225,0.543640897755611,-0.03141589775561093,,,0.518041237113402,-0.005816237113401956,0
2026-03-18,Frances Tiafoe,Arthur Cazaux,Hard,0.6210348,0.7200811359026369,-0.0990463359026369,,,0.6956521739130435,-0.07461737391304346,1
2026-03-18,Grigor Dimitrov,Raphael Collignon,Hard,0.67202973,0.5888077858880778,0.08322194411192219,,,0.5876543209876544,0.08437540901234564,0
2026-03-18,Hubert Hurkacz,Ethan Quinn,Hard,0.7352264,0.5665024630541872,0.16872393694581278,,,0.5597964376590331,0.17542996234096686,0
2026-03-18,Jiri Lehecka,Moise Kouame,Hard,0.7513663,0.8344923504867873,-0.08312605048678723,,,0.8578431372549019,-0.10647683725490187,1
2026-03-18,Kamil Majchrzak,Learner Tien,Hard,0.40081802,0.24214417744916825,0.15867384255083175,,,0.25742574257425743,0.14339227742574256,1
2026-03-18,Kamil Majchrzak,Miomir Kecmanovic,Hard,0.48332244,0.37089201877934275,0.11243042122065727,,,0.36778846153846156,0.11553397846153846,1
2026-03-18,Luciano Darderi,Martin Landaluce,Hard,0.67061853,0.55,0.12061853,,,0.5435897435897437,0.1270287864102564,0
2026-03-18,Marcos Giron,Martin Landaluce,Hard,0.6623305,0.6305882352941177,0.03174226470588237,,,0.6291866028708134,0.03314389712918664,0
2026-03-18,Marin Cilic,Alexei Popyrin,Hard,0.49264267,0.5749385749385749,-0.08229590493857492,,,0.581453634085213,-0.088810964085213,1
2026-03-18,Marton Fucsovics,Felix Auger Aliassime,Hard,0.22867496,0.33184855233853,-0.10317359233852999,,,0.31111111111111106,-0.08243615111111105,0
2026-03-18,Mattia Bellucci,Alex Michelsen,Hard,0.35291275,0.29621848739495793,0.05669426260504207,,,0.30406852248394,0.04884422751605999,0
2026-03-18,Nikoloz Basilashvili,Mariano Navone,Hard,0.44862944,0.5162907268170427,-0.0676612868170427,,,0.4922680412371133,-0.04363860123711333,0
2026-03-18,Quentin Halys,Alejandro Davidovich Fokina,Hard,0.24144359,0.3103448275862069,-0.06890123758620689,,,0.30107526881720437,-0.05963167881720435,1
2026-03-18,Quentin Halys,Liam Draxl,Hard,0.6169051,0.6545454545454545,-0.03764035454545456,,,0.6542056074766355,-0.03730050747663549,1
2026-03-18,Reilly Opelka,Jack Draper,Hard,0.25674066,0.2481203007518797,0.008620359248120296,,,0.24528301886792456,0.011457641132075452,1
2026-03-18,Reilly Opelka,Nuno Borges,Hard,0.52455235,0.5749385749385749,-0.05038622493857492,,,0.55,-0.025447650000000044,1
2026-03-18,Roberto Bautista Agut,James Duckworth,Hard,0.50509346,0.5902439024390244,-0.08515044243902437,,,0.5862944162436549,-0.08120095624365486,1
2026-03-18,Roberto Bautista Agut,Karen Khachanov,Hard,0.29604548,0.2481203007518797,0.047925179248120314,,,0.25742574257425743,0.038619737425742595,0
2026-03-18,Stefanos Tsitsipas,Alex De Minaur,Hard,0.29699054,0.3486238532110092,-0.05163331321100917,,,0.35294117647058826,-0.05595063647058823,1
2026-03-18,Stefanos Tsitsipas,Arthur Fery,Hard,0.81362617,0.6991525423728814,0.11447362762711866,,,0.6956521739130435,0.11797399608695658,1
2026-03-18,Ugo Humbert,Gabriel Diallo,Hard,0.6131064,0.5784313725490196,0.0346750274509805,,,0.5597964376590331,0.053309962340966965,1
2026-03-18,Valentin Vacherot,Mariano Navone,Hard,0.7612714,0.6747787610619469,0.08649263893805315,,,0.6620689655172414,0.09920243448275867,1
2026-03-18,Yannick Hanfmann,Rafael Jodar,Hard,0.558735,0.425061425061425,0.13367357493857496,,,0.420654911838791,0.13808008816120898,0
2026-03-18,Yibing Wu,Gabriel Diallo,Hard,0.41668612,0.5263157894736843,-0.1096296694736843,,,0.5324675324675325,-0.11578141246753254,0
2026-03-18,Zachary Svajda,Moise Kouame,Hard,0.58634466,0.8056872037914692,-0.21934254379146922,,,0.7917383820998279,-0.20539372209982798,0
2026-03-18,Zizou Bergs,Jenson Brooksby,Hard,0.4198583,0.3791469194312796,0.04071138056872042,,,0.3872549019607843,0.03260339803921569,1
2026-03-30,Aleksandar Kovacevic,Rinky Hijikata,Clay,0.5581993,0.5922330097087379,-0.03403370970873798,,,0.5905707196029777,-0.032371419602977736,0
2026-03-30,Aleksandar Vukic,Taha Baadi,Clay,0.69455624,0.8963585434173669,-0.20180230341736682,,,0.8928571428571428,-0.19830090285714275,0
2026-03-30,Alex Bolt,Yibing Wu,Clay,0.46632746,0.23076923076923075,0.23555822923076927,,,0.22953736654804271,0.2367900934519573,1
2026-03-30,Alex Molcan,Gabriel Diallo,Clay,0.4088869,0.39951573849878935,0.009371161501210645,,,0.42278481012658226,-0.013897910126582258,1
2026-03-30,Alex Molcan,Matteo Arnaldi,Clay,0.45861727,0.33783783783783783,0.12077943216216219,,,0.35294117647058826,0.10567609352941176,1
2026-03-30,Alexandre Muller,Federico Cina,Clay,0.6366282,0.543640897755611,0.092987302244389,,,0.5597964376590331,0.07683176234096689,1
2026-03-30,Alexandre Muller,Vit Kopriva,Clay,0.58555144,0.4356435643564356,0.14990787564356445,,,0.4656488549618321,0.11990258503816792,1
2026-03-30,Botic Van De Zandschulp,Alexander Shevchenko,Clay,0.6008043,0.6157517899761337,-0.01494748997613371,,,0.6225490196078431,-0.021744719607843188,1
2026-03-30,Botic Van De Zandschulp,Francesco Maestrelli,Clay,0.62041336,0.6681514476614699,-0.04773808766146992,,,0.7083333333333334,-0.08791997333333335,1
2026-03-30,Camilo Ugo Carabelli,Ignacio Buse,Clay,0.5072876,0.4713216957605984,0.03596590423940155,,,0.4545454545454546,0.052742145454545364,1
2026-03-30,Camilo Ugo Carabelli,Timofey Skatov,Clay,0.6011591,0.7006369426751592,-0.09947784267515924,,,0.700218818380744,-0.09905971838074401,1
2026-03-30,Coleman Wong,Alex Michelsen,Clay,0.45408922,0.22671353251318105,0.22737568748681897,,,0.2438563327032136,0.2102328872967864,0
2026-03-30,Corentin Moutet,Taha Baadi,Clay,0.7619435,0.939635535307517,-0.17769203530751698,,,0.9259259259259259,-0.16398242592592593,1
2026-03-30,Damir Dzumhur,Nuno Borges,Clay,0.3317957,0.38571428571428573,-0.053918585714285705,,,0.3765281173594133,-0.044732417359413246,1
2026-03-30,Dusan Lajovic,Rafael Jodar,Clay,0.49268577,0.42647058823529416,0.06621518176470587,,,0.39999999999999997,0.09268577000000006,0
2026-03-30,Hugo Gaston,Luca Van Assche,Clay,0.46905982,0.4342431761786601,0.03481664382133992,,,0.426829268292683,0.04223055170731704,0
2026-03-30,Liam Draxl,Nishesh Basavareddy,Clay,0.44104522,0.5025125628140703,-0.06146734281407029,,,0.48849104859335046,-0.04744582859335045,0
2026-03-30,Mackenzie Mcdonald,Jenson Brooksby,Clay,0.35511765,0.27991886409736305,0.07519878590263696,,,0.29653679653679654,0.058580853463203464,1
2026-03-30,Marco Trungelliti,Henrique Rocha,Clay,0.53931856,0.38571428571428573,0.15360427428571427,,,0.41888619854721554,0.12043236145278446,1
2026-03-30,Marco Trungelliti,Kamil Majchrzak,Clay,0.40569574,0.37236533957845436,0.03333040042154567,,,0.36170212765957444,0.04399361234042559,1
2026-03-30,Mariano Navone,Elmer Moller,Clay,0.6728564,0.7692307692307692,-0.09637436923076914,,,0.7604562737642586,-0.0875998737642586,1
2026-03-30,Martin Damm,Brandon Nakashima,Clay,0.33152482,0.2756539235412475,0.055870896458752484,,,0.26829268292682923,0.06323213707317077,0
2026-03-30,Matteo Berrettini,Ignacio Buse,Clay,0.74555534,0.6355140186915887,0.11004132130841127,,,0.6428571428571429,0.1026981971428571,0
2026-03-30,Mattia Bellucci,Luciano Darderi,Clay,0.3175249,0.19558359621451105,0.12194130378548895,,,0.21328671328671325,0.10423818671328675,0
2026-03-30,Mattia Bellucci,Reda Bennani,Clay,0.8687244,0.8356545961002786,0.03306980389972136,,,0.8064516129032258,0.062272787096774196,1
2026-03-30,Nishesh Basavareddy,Learner Tien,Clay,0.24668261,0.22671353251318105,0.019969077486818948,,,0.24528301886792456,0.0013995911320754395,0
2026-03-30,Otto Virtanen,Daniel Merida Aguilar,Clay,0.50960886,0.33035714285714285,0.1792517171428572,,,0.32432432432432434,0.1852845356756757,0
2026-03-30,Patrick Kypson,Alexei Popyrin,Clay,0.4152885,0.3791469194312796,0.03614158056872041,,,0.3872549019607843,0.02803359803921568,0
2026-03-30,Pedro Martinez,Daniel Altmaier,Clay,0.49317366,0.5075376884422111,-0.01436402844221113,,,0.5077319587628866,-0.014558298762886557,0
2026-03-30,Quentin Halys,Karim Bennani,Clay,0.6988382,0.933997509339975,-0.2351593093399751,,,0.912106135986733,-0.213267935986733,0
2026-03-30,Roberto Bautista Agut,Titouan Droguet,Clay,0.5582164,0.42997542997543,0.12824097002456997,,,0.4329896907216495,0.12522670927835045,0
2026-03-30,Sebastian Baez,Vilius Gaubas,Clay,0.6290582,0.7785467128027681,-0.1494885128027681,,,0.7759856630824372,-0.1469274630824372,1
2026-03-30,Tallon Griekspoor,Luca Van Assche,Clay,0.7352495,0.6057692307692307,0.12948026923076927,,,0.595,0.14024950000000003,0
2026-03-30,Tomas Machac,Rafael Jodar,Clay,0.70387644,0.543640897755611,0.16023554224438907,,,0.5139949109414759,0.18988152905852418,0
2026-03-30,Vit Kopriva,Hamad Medjedovic,Clay,0.48766094,0.41463414634146345,0.07302679365853654,,,0.42602040816326525,0.061640531836734735,1
2026-03-30,Yannick Hanfmann,Jesper De Jong,Clay,0.5156093,0.5975903614457831,-0.0819810614457831,,,0.6322115384615384,-0.11660223846153839,1
2026-03-30,Yannick Hanfmann,Karim Bennani,Clay,0.9047152,0.9378663540445488,-0.033151154044548714,,,0.9195402298850576,-0.014825029885057517,1
2026-04-05,Adrian Mannarino,Zizou Bergs,Clay,0.42483687,0.22535211267605632,0.19948475732394366,,,0.22678571428571428,0.1980511557142857,0
2026-04-05,Alejandro Tabilo,Jiri Lehecka,Clay,0.37947118,0.4599999999999999,-0.08052881999999989,,,0.45219638242894056,-0.07272520242894054,0
2026-04-05,Alexander Zverev,Cristian Garin,Clay,0.8669738,0.8695652173913044,-0.002591417391304418,,,0.861008610086101,0.005965189913899049,1
2026-04-05,Alexandre Muller,Corentin Moutet,Clay,0.4348318,0.3890214797136038,0.0458103202863962,,,0.36930455635491605,0.06552724364508394,0
2026-04-05,Andrey Rublev,Nuno Borges,Clay,0.64926,0.7885906040268457,-0.13933060402684572,,,0.7839721254355401,-0.13471212543554012,1
2026-04-05,Andrey Rublev,Zizou Bergs,Clay,0.69496953,0.7068607068607069,-0.011891176860706953,,,0.7083333333333334,-0.013363803333333424,0
2026-04-05,Arthur Rinderknech,Joao Fonseca,Clay,0.4375026,0.23636363636363636,0.20113896363636366,,,0.2438563327032136,0.1936462672967864,0
2026-04-05,Cameron Norrie,Alex De Minaur,Clay,0.2672063,0.3103448275862069,-0.0431385275862069,,,0.32432432432432434,-0.057118024324324335,0
2026-04-05,Cameron Norrie,Miomir Kecmanovic,Clay,0.57513404,0.5522388059701492,0.02289523402985083,,,0.5728900255754477,0.002244014424552354,1
2026-04-05,Casper Ruud,Alexei Popyrin,Clay,0.74646485,0.7392996108949417,0.007165239105058285,,,0.7425742574257426,0.00389059257425739,1
2026-04-05,Casper Ruud,Corentin Moutet,Clay,0.713703,0.6991525423728814,0.014550457627118596,,,0.7081545064377682,0.005548493562231749,1
2026-04-05,Cristian Garin,Matteo Arnaldi,Clay,0.49010542,0.5936739659367397,-0.1035685459367397,,,0.5825,-0.09239458,1
2026-04-05,Damir Dzumhur,Fabian Marozsan,Clay,0.31533748,0.2948717948717949,0.020465685128205124,,,0.3070362473347548,0.008301232665245184,0
2026-04-05,Daniel Altmaier,Tomas Machac,Clay,0.29943264,0.3627906976744186,-0.0633580576744186,,,0.3738095238095238,-0.07437688380952379,0
2026-04-05,Daniil Medvedev,Matteo Berrettini,Clay,0.60505444,0.6896551724137931,-0.08460073241379318,,,0.6989247311827957,-0.09387029118279577,0
2026-04-05,Denis Shapovalov,Alexander Blockx,Clay,0.6337372,0.47738693467336685,0.15635026532663315,,,0.4871794871794872,0.14655771282051278,0
2026-04-05,Emilio Nava,Jiri Lehecka,Clay,0.2856199,0.23076923076923075,0.05485066923076923,,,0.25595238095238093,0.02966751904761905,0
2026-04-05,Flavio Cobolli,Alexander Blockx,Clay,0.63185024,0.6208530805687204,0.010997159431279657,,,0.6219512195121951,0.009899020487804888,0
2026-04-05,Francisco Cerundolo,Tomas Machac,Clay,0.558493,0.7418111753371868,-0.18331817533718675,,,0.7272727272727272,-0.16877972727272716,0
2026-04-05,Francisco Comesana,Flavio Cobolli,Clay,0.40715033,0.38755980861244016,0.019590521387559845,,,0.39698492462311563,0.010165405376884373,0
2026-04-05,Gabriel Diallo,Joao Fonseca,Clay,0.46537697,0.2114093959731544,0.2539675740268456,,,0.2240143369175627,0.2413626330824373,0
2026-04-05,Gael Monfils,Alexander Bublik,Clay,0.2688111,0.33035714285714285,-0.061546042857142824,,,0.3372093023255814,-0.06839820232558136,0
2026-04-05,Gael Monfils,Tallon Griekspoor,Clay,0.33525154,0.3408577878103837,-0.005606247810383658,,,0.3738095238095238,-0.0385579838095238,1
2026-04-05,Hubert Hurkacz,Fabian Marozsan,Clay,0.5353194,0.44999999999999996,0.08531940000000005,,,0.4402035623409669,0.09511583765903309,1
2026-04-05,Hubert Hurkacz,Luciano Darderi,Clay,0.4858985,0.3008474576271186,0.1850510423728814,,,0.30406852248394,0.18182997751606,1
2026-04-05,Karen Khachanov,Arthur Rinderknech,Clay,0.6070168,0.6847826086956522,-0.0777658086956522,,,0.6843267108167771,-0.07730991081677707,0
2026-04-05,Marin Cilic,Alexander Shevchenko,Clay,0.62956524,0.5037783375314862,0.12578690246851387,,,0.5360824742268042,0.09348276577319581,1
2026-04-05,Marin Cilic,Felix Auger Aliassime,Clay,0.28123006,0.3333333333333333,-0.05210327333333331,,,0.33333333333333337,-0.052103273333333366,0
2026-04-05,Marton Fucsovics,Alejandro Tabilo,Clay,0.5196317,0.36596736596736595,0.15366433403263408,,,0.37592137592137587,0.14371032407862416,0
2026-04-05,Sebastian Baez,Carlos Alcaraz,Clay,0.07930665,0.051094890510948905,0.0282117594890511,,,0.04718693284936479,0.03211971715063522,0
2026-04-05,Stan Wawrinka,Sebastian Baez,Clay,0.3932749,0.3070362473347548,0.08623865266524516,,,0.31868131868131866,0.07459358131868132,0
2026-04-05,Stefanos Tsitsipas,Francisco Cerundolo,Clay,0.5039649,0.45273631840796025,0.0512285815920398,,,0.45219638242894056,0.05176851757105949,0
2026-04-05,Terence Atmane,Ethan Quinn,Clay,0.5010809,0.4455445544554455,0.055536345544554555,,,0.44245524296675187,0.05862565703324818,1
2026-04-05,Ugo Humbert,Jannik Sinner,Clay,0.09643071,0.03319368353206574,0.06323702646793426,,,0.05142286570144783,0.045007844298552174,0
2026-04-05,Ugo Humbert,Moise Kouame,Clay,0.766983,0.7692307692307692,-0.002247769230769192,,,0.7826086956521741,-0.015625695652174088,1
2026-04-05,Valentin Vacherot,Lorenzo Musetti,Clay,0.26661143,0.32671081677704195,-0.06009938677704196,,,0.3488372093023256,-0.08222577930232561,1
2026-04-13,Adrian Mannarino,Nuno Borges,Clay,0.3642859,0.1987179487179487,0.1655679512820513,,,0.19614147909967847,0.16814442090032153,0
2026-04-13,Alejandro Tabilo,Joao Fonseca,Clay,0.417994,0.3103448275862069,0.10764917241379307,,,0.3212669683257918,0.09672703167420815,0
2026-04-13,Alex De Minaur,Hamad Medjedovic,Clay,0.757532,0.7083333333333334,0.04919866666666661,,,0.7142857142857143,0.04324628571428568,0
2026-04-13,Alexander Bublik,Alex Molcan,Clay,0.74131763,0.745697896749522,-0.004380266749522077,,,0.7246376811594202,0.016679948840579772,0
2026-04-13,Alexander Zverev,Gabriel Diallo,Clay,0.7972328,0.9098428453267162,-0.11261004532671626,,,0.8928571428571428,-0.09562434285714283,1
2026-04-13,Alexander Zverev,Miomir Kecmanovic,Clay,0.8332922,0.8443271767810028,-0.011034976781002737,,,0.8245877061469264,0.008704493853073592,1
2026-04-13,Andrey Rublev,Lorenzo Sonego,Clay,0.6655166,0.7746478873239436,-0.10913128732394362,,,0.7692307692307693,-0.10371416923076926,1
2026-04-13,Andrey Rublev,Mariano Navone,Clay,0.7112064,0.5784313725490196,0.13277502745098047,,,0.5876543209876544,0.12355207901234566,1
2026-04-13,Arthur Rinderknech,Alex Michelsen,Clay,0.5536346,0.5714285714285714,-0.01779397142857142,,,0.5793450881612091,-0.025710488161209133,1
2026-04-13,Arthur Rinderknech,Joao Fonseca,Clay,0.45395577,0.2729083665338645,0.18104740346613546,,,0.27536231884057966,0.17859345115942032,0
2026-04-13,Ben Shelton,Alexander Blockx,Clay,0.77739316,0.537313432835821,0.24007972716417902,,,0.5653266331658291,0.21206652683417093,1
2026-04-13,Botic Van De Zandschulp,Francisco Cerundolo,Clay,0.31740192,0.2621359223300971,0.05526599766990292,,,0.27536231884057966,0.04203960115942035,0
2026-04-13,Brandon Nakashima,Arthur Fils,Clay,0.45902318,0.23636363636363636,0.22265954363636362,,,0.23090586145648312,0.22811731854351686,0
2026-04-13,Cameron Norrie,Ethan Quinn,Clay,0.66320825,0.6109785202863962,0.052229729713603845,,,0.6339712918660287,0.029236958133971314,1
2026-04-13,Camilo Ugo Carabelli,Rafael Jodar,Clay,0.4717565,0.19431279620853084,0.2774437037914692,,,0.20962199312714777,0.2621345068728522,0
2026-04-13,Corentin Moutet,Ignacio Buse,Clay,0.6033598,0.6372093023255814,-0.03384950232558137,,,0.6189320388349514,-0.015572238834951402,1
2026-04-13,Corentin Moutet,Lorenzo Musetti,Clay,0.26640326,0.23076923076923075,0.03563402923076922,,,0.24528301886792456,0.021120241132075418,0
2026-04-13,Daniel Altmaier,Alex Molcan,Clay,0.5088653,0.5888077858880778,-0.07994248588807784,,,0.5583756345177665,-0.04951033451776654,0
2026-04-13,Denis Shapovalov,Fabian Marozsan,Clay,0.5068127,0.4760705289672543,0.03074217103274568,,,0.44871794871794873,0.05809475128205127,1
2026-04-13,Denis Shapovalov,Tallon Griekspoor,Clay,0.47299153,0.47738693467336685,-0.004395404673366854,,,0.5,-0.027008470000000007,1
2026-04-13,Emilio Nava,Ben Shelton,Clay,0.18634944,0.2481203007518797,-0.06177086075187971,,,0.2537313432835821,-0.0673819032835821,0
2026-04-13,Jaume Munar,Rafael Jodar,Clay,0.6215563,0.30406852248394,0.31748777751605994,,,0.31718061674008813,0.3043756832599118,0
2026-04-13,Karen Khachanov,Camilo Ugo Carabelli,Clay,0.73137766,0.587378640776699,0.14399901922330105,,,0.6161137440758293,0.11526391592417073,0
2026-04-13,Lorenzo Musetti,Martin Landaluce,Clay,0.8329473,0.8056872037914692,0.02726009620853076,,,0.7863247863247863,0.04662251367521364,1
2026-04-13,Marco Trungelliti,Hamad Medjedovic,Clay,0.42499024,0.3008474576271186,0.1241427823728814,,,0.2948717948717949,0.13011844512820514,0
2026-04-13,Marin Cilic,Daniel Altmaier,Clay,0.5516453,0.5693069306930693,-0.017661630693069252,,,0.5778894472361809,-0.026244147236180848,0
2026-04-13,Otto Virtanen,Carlos Alcaraz,Clay,0.07764379,0.03319368353206574,0.044450106467934264,,,0.042863087806908035,0.03478070219309197,0
2026-04-13,Pedro Martinez,Lorenzo Sonego,Clay,0.37900183,0.6258823529411764,-0.24688052294117646,,,0.6470588235294118,-0.2680569935294118,0
2026-04-13,Reilly Opelka,Ethan Quinn,Clay,0.65587807,0.36426914153132245,0.29160892846867753,,,0.36319612590799033,0.29268194409200965,0
2026-04-13,Sebastian Baez,Tomas Machac,Clay,0.4140392,0.42997542997543,-0.015936229975429983,,,0.41234567901234565,0.001693520987654351,0
2026-04-13,Sebastian Ofner,Alex De Minaur,Clay,0.20850213,0.15989159891598914,0.048610531084010866,,,0.17787742899850525,0.030624701001494753,0
2026-04-13,Stan Wawrinka,Cameron Norrie,Clay,0.27604243,0.2481203007518797,0.027922129248120292,,,0.25595238095238093,0.020090049047619074,0
2026-04-13,Stefanos Tsitsipas,Fabian Marozsan,Clay,0.62014353,0.6208530805687204,-0.0007095505687203518,,,0.5876543209876544,0.03248920901234564,0
2026-04-13,Sumit Nagal,Francisco Cerundolo,Clay,0.17147923,0.06542056074766356,0.10605866925233645,,,0.087893864013267,0.08358536598673301,0
2026-04-13,Terence Atmane,Arthur Fils,Clay,0.25152737,0.18711656441717794,0.06441080558282203,,,0.19093851132686082,0.06058885867313915,0
2026-04-13,Vit Kopriva,Justin Engel,Clay,0.54533774,0.7442748091603053,-0.1989370691603053,,,0.7186858316221767,-0.17334809162217668,1
2026-04-13,Vit Kopriva,Luciano Darderi,Clay,0.34898144,0.2842535787321063,0.06472786126789365,,,0.2916666666666667,0.05731477333333329,1
2026-04-13,Vitaliy Sachko,Gabriel Diallo,Clay,0.3928693,0.40435835351089583,-0.011489053510895852,,,0.405,-0.01213070000000005,0
2026-04-13,Yannick Hanfmann,Alexander Blockx,Clay,0.57312626,0.5025125628140703,0.07061369718592969,,,0.464720194647202,0.10840606535279801,0
2026-04-13,Zizou Bergs,Flavio Cobolli,Clay,0.4203261,0.4455445544554455,-0.025218454455445516,,,0.41234567901234565,0.007980420987654335,0
2026-04-13,Zizou Bergs,Marko Topo,Clay,0.7189054,0.7885906040268457,-0.06968520402684564,,,0.7809694793536804,-0.06206407935368041,1
