candidate,wf_period,shrinkage_factor,edge_threshold,bet_count,hit_rate,avg_odds,mean_prob,mean_market_prob,mean_edge,roi,calibration_error,log_loss
near_dog_market_only,tune,0.25,0.0,67,0.477612,2.360277,0.429805,0.401644,0.028161,0.124724,0.047807,0.690912
near_dog_market_only,tune,0.25,0.01,48,0.520833,2.359409,0.436699,0.399501,0.037198,0.218169,0.084135,0.693499
near_dog_market_only,tune,0.25,0.02,35,0.6,2.376219,0.440939,0.395311,0.045628,0.402791,0.159061,0.708187
near_dog_market_only,tune,0.25,0.03,28,0.607143,2.355179,0.447513,0.396619,0.050894,0.415357,0.15963,0.712788
near_dog_market_only,tune,0.25,0.05,17,0.647059,2.307059,0.461695,0.40434,0.057355,0.491765,0.185364,0.720625
near_dog_market_only,tune,0.25,0.07,0,,,,,,,,
near_dog_market_only,tune,0.25,0.1,0,,,,,,,,
near_dog_market_only,tune,0.5,0.0,67,0.477612,2.360277,0.457965,0.401644,0.056322,0.124724,0.019647,0.679881
near_dog_market_only,tune,0.5,0.01,60,0.466667,2.358016,0.4643,0.401858,0.062443,0.096065,0.002366,0.671624
near_dog_market_only,tune,0.5,0.02,48,0.520833,2.359409,0.473896,0.399501,0.074395,0.218169,0.046937,0.676733
near_dog_market_only,tune,0.5,0.03,40,0.575,2.369416,0.482579,0.398534,0.084046,0.349303,0.092421,0.687297
near_dog_market_only,tune,0.5,0.05,31,0.580645,2.363548,0.492746,0.395454,0.097291,0.349355,0.087899,0.67681
near_dog_market_only,tune,0.5,0.07,27,0.62963,2.345185,0.501455,0.398162,0.103293,0.467778,0.128175,0.689235
near_dog_market_only,tune,0.5,0.1,17,0.647059,2.307059,0.51905,0.40434,0.11471,0.491765,0.128009,0.685279
near_dog_market_only,tune,0.75,0.0,67,0.477612,2.360277,0.486126,0.401644,0.084482,0.124724,0.008514,0.673809
near_dog_market_only,tune,0.75,0.01,60,0.466667,2.358016,0.495522,0.401858,0.093664,0.096065,0.028855,0.665007
near_dog_market_only,tune,0.75,0.02,55,0.472727,2.351966,0.502906,0.402355,0.100551,0.106402,0.030179,0.663822
near_dog_market_only,tune,0.75,0.03,48,0.520833,2.359409,0.511094,0.399501,0.111593,0.218169,0.00974,0.666836
near_dog_market_only,tune,0.75,0.05,38,0.578947,2.377163,0.526831,0.396642,0.130188,0.361255,0.052117,0.673739
near_dog_market_only,tune,0.75,0.07,32,0.5625,2.371875,0.537779,0.394153,0.143626,0.307188,0.024721,0.658493
near_dog_market_only,tune,0.75,0.1,27,0.62963,2.345185,0.553101,0.398162,0.154939,0.467778,0.076528,0.668385
near_dog_market_only,tune,1.0,0.0,67,0.477612,2.360277,0.514287,0.401644,0.112643,0.124724,0.036675,0.672692
near_dog_market_only,tune,1.0,0.01,61,0.459016,2.355426,0.525236,0.402211,0.123025,0.078096,0.066219,0.66239
near_dog_market_only,tune,1.0,0.02,60,0.466667,2.358016,0.526743,0.401858,0.124885,0.096065,0.060076,0.663921
near_dog_market_only,tune,1.0,0.03,53,0.471698,2.353361,0.540462,0.4024,0.138062,0.103248,0.068764,0.660317
near_dog_market_only,tune,1.0,0.05,45,0.555556,2.368925,0.553846,0.398153,0.155693,0.29938,0.001709,0.666353
near_dog_market_only,tune,1.0,0.07,36,0.583333,2.371569,0.57631,0.396906,0.179404,0.363824,0.007023,0.6619
near_dog_market_only,tune,1.0,0.1,31,0.580645,2.363548,0.590037,0.395454,0.194583,0.349355,0.009392,0.656858
near_dog_logit_all,tune,0.25,0.0,92,0.434783,2.409363,0.426385,0.395443,0.030942,0.035224,0.008398,0.679468
near_dog_logit_all,tune,0.25,0.01,70,0.457143,2.399312,0.435611,0.396645,0.038966,0.082464,0.021532,0.685977
near_dog_logit_all,tune,0.25,0.02,47,0.468085,2.394113,0.447098,0.396207,0.050891,0.096644,0.020987,0.682262
near_dog_logit_all,tune,0.25,0.03,39,0.487179,2.379383,0.454936,0.39874,0.056196,0.13692,0.032244,0.690793
near_dog_logit_all,tune,0.25,0.05,25,0.48,2.346376,0.468253,0.402784,0.065469,0.098396,0.011747,0.680866
near_dog_logit_all,tune,0.25,0.07,7,0.571429,2.327143,0.48312,0.400939,0.082181,0.297143,0.088309,0.695021
near_dog_logit_all,tune,0.25,0.1,1,0.0,2.38,0.508431,0.391304,0.117127,-1.0,0.508431,0.710153
near_dog_logit_all,tune,0.5,0.0,92,0.434783,2.409363,0.457327,0.395443,0.061884,0.035224,0.022544,0.68072
near_dog_logit_all,tune,0.5,0.01,83,0.445783,2.403837,0.464388,0.39637,0.068018,0.055548,0.018605,0.683053
near_dog_logit_all,tune,0.5,0.02,70,0.457143,2.399312,0.474577,0.396645,0.077932,0.082464,0.017434,0.687732
near_dog_logit_all,tune,0.5,0.03,58,0.431034,2.394044,0.486163,0.39703,0.089134,0.017043,0.055129,0.679675
near_dog_logit_all,tune,0.5,0.05,44,0.477273,2.389112,0.502355,0.396664,0.10569,0.11568,0.025082,0.688053
near_dog_logit_all,tune,0.5,0.07,34,0.529412,2.358838,0.519754,0.400272,0.119482,0.226762,0.009658,0.696086
near_dog_logit_all,tune,0.5,0.1,25,0.48,2.346376,0.533722,0.402784,0.130937,0.098396,0.053722,0.691257
near_dog_logit_all,tune,0.75,0.0,92,0.434783,2.409363,0.488269,0.395443,0.092826,0.035224,0.053486,0.688843
near_dog_logit_all,tune,0.75,0.01,87,0.448276,2.411246,0.492777,0.39487,0.097906,0.067362,0.044501,0.694422
near_dog_logit_all,tune,0.75,0.02,78,0.461538,2.402441,0.503879,0.396381,0.107498,0.095006,0.04234,0.699359
near_dog_logit_all,tune,0.75,0.03,70,0.457143,2.399312,0.513543,0.396645,0.116898,0.082464,0.0564,0.698469
near_dog_logit_all,tune,0.75,0.05,56,0.428571,2.389527,0.533794,0.396971,0.136823,0.005219,0.105222,0.691719
near_dog_logit_all,tune,0.75,0.07,45,0.488889,2.390518,0.553581,0.396911,0.15667,0.145384,0.064692,0.704056
near_dog_logit_all,tune,0.75,0.1,35,0.514286,2.354741,0.578725,0.401732,0.176993,0.191711,0.064439,0.713277
near_dog_logit_all,tune,1.0,0.0,92,0.434783,2.409363,0.519211,0.395443,0.123768,0.035224,0.084428,0.705708
near_dog_logit_all,tune,1.0,0.01,88,0.443182,2.415096,0.523417,0.394217,0.1292,0.055233,0.080235,0.708943
near_dog_logit_all,tune,1.0,0.02,83,0.445783,2.403837,0.532406,0.39637,0.136035,0.055548,0.086622,0.710751
near_dog_logit_all,tune,1.0,0.03,77,0.454545,2.402797,0.54124,0.396434,0.144806,0.078383,0.086694,0.717108
near_dog_logit_all,tune,1.0,0.05,61,0.42623,2.394428,0.569847,0.397751,0.172096,0.003454,0.143618,0.717375
near_dog_logit_all,tune,1.0,0.07,55,0.436364,2.385155,0.582259,0.397755,0.184503,0.023496,0.145895,0.723987
near_dog_logit_all,tune,1.0,0.1,44,0.477273,2.389112,0.608045,0.396664,0.211381,0.11568,0.130772,0.736527
near_dog_logit_no_rank,tune,0.25,0.0,88,0.488636,2.421927,0.424131,0.393177,0.030954,0.173717,0.064505,0.702835
near_dog_logit_no_rank,tune,0.25,0.01,65,0.476923,2.389282,0.438041,0.397744,0.040297,0.122448,0.038882,0.688277
near_dog_logit_no_rank,tune,0.25,0.02,52,0.5,2.364449,0.447362,0.400875,0.046487,0.167218,0.052638,0.69594
near_dog_logit_no_rank,tune,0.25,0.03,39,0.538462,2.358663,0.454211,0.400362,0.05385,0.257494,0.08425,0.705301
near_dog_logit_no_rank,tune,0.25,0.05,19,0.473684,2.312342,0.474854,0.406554,0.0683,0.081053,0.00117,0.693097
near_dog_logit_no_rank,tune,0.25,0.07,6,0.5,2.34,0.484917,0.399263,0.085653,0.138333,0.015083,0.688657
near_dog_logit_no_rank,tune,0.25,0.1,1,0.0,2.38,0.50513,0.391304,0.113826,-1.0,0.50513,0.70346
near_dog_logit_no_rank,tune,0.5,0.0,88,0.488636,2.421927,0.455085,0.393177,0.061909,0.173717,0.033551,0.70117
near_dog_logit_no_rank,tune,0.5,0.01,76,0.5,2.401104,0.467112,0.39606,0.071052,0.187856,0.032888,0.699311
near_dog_logit_no_rank,tune,0.5,0.02,65,0.476923,2.389282,0.478337,0.397744,0.080593,0.122448,0.001414,0.687128
near_dog_logit_no_rank,tune,0.5,0.03,60,0.466667,2.386115,0.483034,0.397924,0.085111,0.090292,0.016368,0.6797
near_dog_logit_no_rank,tune,0.5,0.05,44,0.477273,2.367054,0.501025,0.399327,0.101698,0.114597,0.023752,0.6875
near_dog_logit_no_rank,tune,0.5,0.07,35,0.514286,2.358014,0.513151,0.400328,0.112822,0.198997,0.001135,0.696983
near_dog_logit_no_rank,tune,0.5,0.1,19,0.473684,2.312342,0.543154,0.406554,0.1366,0.081053,0.06947,0.705636
near_dog_logit_no_rank,tune,0.75,0.0,88,0.488636,2.421927,0.48604,0.393177,0.092863,0.173717,0.002597,0.706262
near_dog_logit_no_rank,tune,0.75,0.01,78,0.487179,2.402037,0.499894,0.395724,0.10417,0.157399,0.012715,0.700034
near_dog_logit_no_rank,tune,0.75,0.02,71,0.492958,2.395689,0.510274,0.39742,0.112854,0.167565,0.017316,0.701758
near_dog_logit_no_rank,tune,0.75,0.03,65,0.476923,2.389282,0.518634,0.397744,0.12089,0.122448,0.041711,0.695077
near_dog_logit_no_rank,tune,0.75,0.05,57,0.491228,2.373454,0.53213,0.400165,0.131964,0.147676,0.040902,0.698329
near_dog_logit_no_rank,tune,0.75,0.07,46,0.478261,2.359791,0.549471,0.400404,0.149068,0.113963,0.071211,0.700295
near_dog_logit_no_rank,tune,0.75,0.1,36,0.527778,2.358486,0.567426,0.400106,0.16732,0.231664,0.039648,0.710237
near_dog_logit_no_rank,tune,1.0,0.0,88,0.488636,2.421927,0.516994,0.393177,0.123817,0.173717,0.028358,0.719753
near_dog_logit_no_rank,tune,1.0,0.01,81,0.481481,2.403661,0.530105,0.395913,0.134192,0.145396,0.048623,0.714273
near_dog_logit_no_rank,tune,1.0,0.02,76,0.5,2.401104,0.538164,0.39606,0.142104,0.187856,0.038164,0.720763
near_dog_logit_no_rank,tune,1.0,0.03,70,0.485714,2.395459,0.549402,0.397174,0.152227,0.14979,0.063687,0.717378
near_dog_logit_no_rank,tune,1.0,0.05,65,0.476923,2.389282,0.55893,0.397744,0.161186,0.122448,0.082007,0.714346
near_dog_logit_no_rank,tune,1.0,0.07,55,0.509091,2.361944,0.582002,0.40215,0.179852,0.18941,0.072911,0.726415
near_dog_logit_no_rank,tune,1.0,0.1,44,0.477273,2.367054,0.602723,0.399327,0.203395,0.114597,0.12545,0.730147
near_dog_logit_no_elo,tune,0.25,0.0,94,0.43617,2.410509,0.423887,0.394833,0.029054,0.042452,0.012283,0.682817
near_dog_logit_no_elo,tune,0.25,0.01,67,0.432836,2.396146,0.436027,0.396908,0.039119,0.016578,0.003192,0.672127
near_dog_logit_no_elo,tune,0.25,0.02,49,0.44898,2.398537,0.443275,0.395262,0.048013,0.051883,0.005705,0.674478
near_dog_logit_no_elo,tune,0.25,0.03,38,0.526316,2.359893,0.45549,0.40044,0.055049,0.22605,0.070826,0.703107
near_dog_logit_no_elo,tune,0.25,0.05,22,0.5,2.324973,0.472303,0.406802,0.065501,0.139995,0.027697,0.687021
near_dog_logit_no_elo,tune,0.25,0.07,5,0.4,2.368,0.481135,0.394299,0.086836,-0.074,0.081135,0.688113
near_dog_logit_no_elo,tune,0.25,0.1,1,0.0,2.38,0.511611,0.391304,0.120307,-1.0,0.511611,0.716644
near_dog_logit_no_elo,tune,0.5,0.0,94,0.43617,2.410509,0.452942,0.394833,0.058109,0.042452,0.016771,0.68338
near_dog_logit_no_elo,tune,0.5,0.01,75,0.466667,2.398135,0.46796,0.396327,0.071633,0.100943,0.001293,0.68922
near_dog_logit_no_elo,tune,0.5,0.02,67,0.432836,2.396146,0.475147,0.396908,0.078239,0.016578,0.042311,0.674117
near_dog_logit_no_elo,tune,0.5,0.03,57,0.45614,2.396135,0.484004,0.396457,0.087547,0.073482,0.027863,0.68286
near_dog_logit_no_elo,tune,0.5,0.05,42,0.5,2.374606,0.503185,0.398493,0.104692,0.168807,0.003185,0.694455
near_dog_logit_no_elo,tune,0.5,0.07,35,0.542857,2.355728,0.514537,0.400578,0.113959,0.255997,0.02832,0.696947
near_dog_logit_no_elo,tune,0.5,0.1,22,0.5,2.324973,0.537803,0.406802,0.131001,0.139995,0.037803,0.693959
near_dog_logit_no_elo,tune,0.75,0.0,94,0.43617,2.410509,0.481996,0.394833,0.087163,0.042452,0.045826,0.690379
near_dog_logit_no_elo,tune,0.75,0.01,79,0.443038,2.40573,0.498152,0.395532,0.10262,0.045199,0.055114,0.687795
near_dog_logit_no_elo,tune,0.75,0.02,75,0.466667,2.398135,0.503777,0.396327,0.10745,0.100943,0.03711,0.697788
near_dog_logit_no_elo,tune,0.75,0.03,67,0.432836,2.396146,0.514266,0.396908,0.117358,0.016578,0.08143,0.685083
near_dog_logit_no_elo,tune,0.75,0.05,54,0.444444,2.395017,0.531791,0.395889,0.135902,0.04245,0.087346,0.691435
near_dog_logit_no_elo,tune,0.75,0.07,43,0.511628,2.376414,0.553802,0.398709,0.155093,0.198658,0.042174,0.707524
near_dog_logit_no_elo,tune,0.75,0.1,36,0.555556,2.363347,0.568294,0.399279,0.169014,0.294164,0.012738,0.710037
near_dog_logit_no_elo,tune,1.0,0.0,94,0.43617,2.410509,0.51105,0.394833,0.116218,0.042452,0.07488,0.705839
near_dog_logit_no_elo,tune,1.0,0.01,87,0.448276,2.413276,0.51996,0.394611,0.125349,0.06742,0.071684,0.709007
near_dog_logit_no_elo,tune,1.0,0.02,75,0.466667,2.398135,0.539593,0.396327,0.143266,0.100943,0.072927,0.716954
near_dog_logit_no_elo,tune,1.0,0.03,73,0.452055,2.401098,0.542432,0.396015,0.146417,0.068366,0.090377,0.713834
near_dog_logit_no_elo,tune,1.0,0.05,63,0.444444,2.392488,0.560915,0.397432,0.163482,0.04144,0.11647,0.711523
near_dog_logit_no_elo,tune,1.0,0.07,54,0.444444,2.395017,0.577092,0.395889,0.181203,0.04245,0.132647,0.719185
near_dog_logit_no_elo,tune,1.0,0.1,42,0.5,2.374606,0.607877,0.398493,0.209384,0.168807,0.107877,0.737639
near_dog_logit_no_serve_return,tune,0.25,0.0,80,0.4625,2.396989,0.424342,0.396767,0.027574,0.098281,0.038158,0.689682
near_dog_logit_no_serve_return,tune,0.25,0.01,59,0.491525,2.389919,0.432202,0.3968,0.035402,0.149475,0.059324,0.688351
near_dog_logit_no_serve_return,tune,0.25,0.02,44,0.522727,2.383821,0.437846,0.395533,0.042313,0.221529,0.084881,0.693355
near_dog_logit_no_serve_return,tune,0.25,0.03,33,0.515152,2.376436,0.444503,0.395919,0.048584,0.192118,0.070649,0.682507
near_dog_logit_no_serve_return,tune,0.25,0.05,9,0.555556,2.338889,0.467417,0.398823,0.068595,0.287778,0.088138,0.697445
near_dog_logit_no_serve_return,tune,0.25,0.07,3,0.666667,2.32,0.484927,0.402231,0.082697,0.526667,0.181739,0.71036
near_dog_logit_no_serve_return,tune,0.25,0.1,0,,,,,,,,
near_dog_logit_no_serve_return,tune,0.5,0.0,80,0.4625,2.396989,0.451916,0.396767,0.055149,0.098281,0.010584,0.685819
near_dog_logit_no_serve_return,tune,0.5,0.01,71,0.464789,2.401629,0.457559,0.396092,0.061466,0.097803,0.00723,0.682682
near_dog_logit_no_serve_return,tune,0.5,0.02,59,0.491525,2.389919,0.467603,0.3968,0.070803,0.149475,0.023922,0.682478
near_dog_logit_no_serve_return,tune,0.5,0.03,51,0.470588,2.384276,0.474927,0.396943,0.077984,0.097005,0.004338,0.674035
near_dog_logit_no_serve_return,tune,0.5,0.05,36,0.5,2.364048,0.492056,0.398567,0.093489,0.155275,0.007944,0.67617
near_dog_logit_no_serve_return,tune,0.5,0.07,28,0.535714,2.378677,0.497663,0.39484,0.102823,0.244481,0.038052,0.679097
near_dog_logit_no_serve_return,tune,0.5,0.1,9,0.555556,2.338889,0.536012,0.398823,0.13719,0.287778,0.019543,0.68429
near_dog_logit_no_serve_return,tune,0.75,0.0,80,0.4625,2.396989,0.479491,0.396767,0.082723,0.098281,0.016991,0.686834
near_dog_logit_no_serve_return,tune,0.75,0.01,75,0.466667,2.392505,0.485501,0.397582,0.087919,0.098884,0.018834,0.684155
near_dog_logit_no_serve_return,tune,0.75,0.02,67,0.462687,2.397957,0.493237,0.396604,0.096633,0.088717,0.03055,0.680456
near_dog_logit_no_serve_return,tune,0.75,0.03,59,0.491525,2.389919,0.503005,0.3968,0.106205,0.149475,0.011479,0.68316
near_dog_logit_no_serve_return,tune,0.75,0.05,50,0.48,2.376962,0.516514,0.398134,0.11838,0.118946,0.036514,0.680498
near_dog_logit_no_serve_return,tune,0.75,0.07,37,0.513514,2.366435,0.537268,0.398815,0.138452,0.190332,0.023754,0.680504
near_dog_logit_no_serve_return,tune,0.75,0.1,31,0.516129,2.380561,0.544792,0.395542,0.14925,0.196448,0.028662,0.675669
near_dog_logit_no_serve_return,tune,1.0,0.0,80,0.4625,2.396989,0.507065,0.396767,0.110298,0.098281,0.044565,0.693238
near_dog_logit_no_serve_return,tune,1.0,0.01,76,0.460526,2.392275,0.513359,0.397512,0.115847,0.084425,0.052833,0.688719
near_dog_logit_no_serve_return,tune,1.0,0.02,71,0.464789,2.401629,0.519025,0.396092,0.122933,0.097803,0.054236,0.691152
near_dog_logit_no_serve_return,tune,1.0,0.03,65,0.461538,2.395047,0.528786,0.396847,0.131939,0.083755,0.067247,0.686821
near_dog_logit_no_serve_return,tune,1.0,0.05,55,0.490909,2.382374,0.546097,0.397358,0.148739,0.141405,0.055188,0.689688
near_dog_logit_no_serve_return,tune,1.0,0.07,49,0.469388,2.380573,0.557243,0.397605,0.159639,0.096883,0.087856,0.690804
near_dog_logit_no_serve_return,tune,1.0,0.1,36,0.5,2.364048,0.585545,0.398567,0.186979,0.155275,0.085545,0.693129
near_dog_logit_no_recent_form,tune,0.25,0.0,80,0.425,2.400515,0.428465,0.395821,0.032644,0.011074,0.003465,0.677951
near_dog_logit_no_recent_form,tune,0.25,0.01,63,0.396825,2.379819,0.439253,0.399018,0.040235,-0.074014,0.042427,0.660432
near_dog_logit_no_recent_form,tune,0.25,0.02,52,0.461538,2.379771,0.444444,0.398708,0.045736,0.073791,0.017094,0.678321
near_dog_logit_no_recent_form,tune,0.25,0.03,40,0.5,2.351089,0.454598,0.402499,0.0521,0.166497,0.045402,0.698542
near_dog_logit_no_recent_form,tune,0.25,0.05,21,0.47619,2.352617,0.465233,0.40145,0.063783,0.113355,0.010957,0.693394
near_dog_logit_no_recent_form,tune,0.25,0.07,4,0.5,2.27,0.495354,0.409399,0.085954,0.125,0.004646,0.700513
near_dog_logit_no_recent_form,tune,0.25,0.1,1,0.0,2.38,0.497756,0.391304,0.106452,-1.0,0.497756,0.68867
near_dog_logit_no_recent_form,tune,0.5,0.0,80,0.425,2.400515,0.46111,0.395821,0.065289,0.011074,0.03611,0.679287
near_dog_logit_no_recent_form,tune,0.5,0.01,70,0.414286,2.385473,0.472261,0.398339,0.073922,-0.024524,0.057975,0.672539
near_dog_logit_no_recent_form,tune,0.5,0.02,63,0.396825,2.379819,0.479488,0.399018,0.08047,-0.074014,0.082662,0.663074
near_dog_logit_no_recent_form,tune,0.5,0.03,56,0.446429,2.385905,0.48518,0.397821,0.087359,0.041734,0.038751,0.674703
near_dog_logit_no_recent_form,tune,0.5,0.05,46,0.5,2.360013,0.499629,0.40185,0.097779,0.162111,0.000371,0.689629
near_dog_logit_no_recent_form,tune,0.5,0.07,33,0.515152,2.337742,0.516407,0.403738,0.112669,0.188027,0.001255,0.689791
near_dog_logit_no_recent_form,tune,0.5,0.1,21,0.47619,2.352617,0.529016,0.40145,0.127566,0.113355,0.052826,0.699257
near_dog_logit_no_recent_form,tune,0.75,0.0,80,0.425,2.400515,0.493754,0.395821,0.097933,0.011074,0.068754,0.687411
near_dog_logit_no_recent_form,tune,0.75,0.01,72,0.416667,2.392196,0.505294,0.397118,0.108177,-0.015093,0.088628,0.683244
near_dog_logit_no_recent_form,tune,0.75,0.02,68,0.411765,2.377381,0.513007,0.39938,0.113626,-0.035484,0.101242,0.681388
near_dog_logit_no_recent_form,tune,0.75,0.03,63,0.396825,2.379819,0.519722,0.399018,0.120705,-0.074014,0.122897,0.674295
near_dog_logit_no_recent_form,tune,0.75,0.05,54,0.462963,2.381494,0.532934,0.398757,0.134178,0.080317,0.069971,0.689715
near_dog_logit_no_recent_form,tune,0.75,0.07,47,0.489362,2.368311,0.545558,0.400478,0.14508,0.137386,0.056196,0.69389
near_dog_logit_no_recent_form,tune,0.75,0.1,35,0.485714,2.335313,0.570065,0.404773,0.165292,0.12014,0.084351,0.702722
near_dog_logit_no_recent_form,tune,1.0,0.0,80,0.425,2.400515,0.526398,0.395821,0.130578,0.011074,0.101398,0.703477
near_dog_logit_no_recent_form,tune,1.0,0.01,75,0.413333,2.396641,0.535114,0.396168,0.138946,-0.021156,0.121781,0.698675
near_dog_logit_no_recent_form,tune,1.0,0.02,70,0.414286,2.385473,0.546184,0.398339,0.147845,-0.024524,0.131898,0.700471
near_dog_logit_no_recent_form,tune,1.0,0.03,67,0.41791,2.379531,0.552022,0.398658,0.153363,-0.021088,0.134111,0.701407
near_dog_logit_no_recent_form,tune,1.0,0.05,60,0.416667,2.382392,0.565403,0.398558,0.166844,-0.027715,0.148736,0.700352
near_dog_logit_no_recent_form,tune,1.0,0.07,54,0.462963,2.381494,0.57766,0.398757,0.178904,0.080317,0.114697,0.710511
near_dog_logit_no_recent_form,tune,1.0,0.1,46,0.5,2.360013,0.597408,0.40185,0.195557,0.162111,0.097408,0.718798
near_dog_logit_no_h2h,tune,0.25,0.0,94,0.43617,2.407355,0.426259,0.395565,0.030695,0.038517,0.009911,0.678968
near_dog_logit_no_h2h,tune,0.25,0.01,71,0.478873,2.398614,0.435558,0.396582,0.038976,0.135993,0.043316,0.692374
near_dog_logit_no_h2h,tune,0.25,0.02,48,0.479167,2.382361,0.448691,0.397912,0.050779,0.123381,0.030476,0.687149
near_dog_logit_no_h2h,tune,0.25,0.03,39,0.512821,2.370345,0.456222,0.399389,0.056833,0.197946,0.056598,0.697699
near_dog_logit_no_h2h,tune,0.25,0.05,25,0.52,2.331576,0.470979,0.404942,0.066037,0.193596,0.049021,0.691968
near_dog_logit_no_h2h,tune,0.25,0.07,7,0.571429,2.327143,0.484346,0.400939,0.083407,0.297143,0.087083,0.690377
near_dog_logit_no_h2h,tune,0.25,0.1,1,0.0,2.38,0.508735,0.391304,0.117431,-1.0,0.508735,0.710771
near_dog_logit_no_h2h,tune,0.5,0.0,94,0.43617,2.407355,0.456954,0.395565,0.061389,0.038517,0.020783,0.678704
near_dog_logit_no_h2h,tune,0.5,0.01,82,0.463415,2.395371,0.466721,0.397173,0.069548,0.097445,0.003307,0.687685
near_dog_logit_no_h2h,tune,0.5,0.02,71,0.478873,2.398614,0.474533,0.396582,0.077951,0.135993,0.00434,0.691465
near_dog_logit_no_h2h,tune,0.5,0.03,58,0.431034,2.381178,0.488749,0.398593,0.090156,0.011591,0.057715,0.676947
near_dog_logit_no_h2h,tune,0.5,0.05,42,0.52381,2.379189,0.507873,0.398289,0.109583,0.225474,0.015937,0.696305
near_dog_logit_no_h2h,tune,0.5,0.07,34,0.558824,2.351485,0.522064,0.401375,0.12069,0.296762,0.036759,0.698018
near_dog_logit_no_h2h,tune,0.5,0.1,25,0.52,2.331576,0.537016,0.404942,0.132074,0.193596,0.017016,0.692996
near_dog_logit_no_h2h,tune,0.75,0.0,94,0.43617,2.407355,0.487648,0.395565,0.092084,0.038517,0.051478,0.685257
near_dog_logit_no_h2h,tune,0.75,0.01,87,0.436782,2.402051,0.495349,0.396309,0.09904,0.034374,0.058568,0.683786
near_dog_logit_no_h2h,tune,0.75,0.02,80,0.475,2.399213,0.502837,0.396368,0.106469,0.124881,0.027837,0.697378
near_dog_logit_no_h2h,tune,0.75,0.03,71,0.478873,2.398614,0.513509,0.396582,0.116927,0.135993,0.034636,0.699539
near_dog_logit_no_h2h,tune,0.75,0.05,55,0.436364,2.382064,0.538233,0.39829,0.139943,0.021314,0.10187,0.688847
near_dog_logit_no_h2h,tune,0.75,0.07,45,0.488889,2.38891,0.554772,0.396545,0.158227,0.143776,0.065883,0.698244
near_dog_logit_no_h2h,tune,0.75,0.1,36,0.527778,2.355443,0.578201,0.401442,0.176758,0.224719,0.050423,0.706846
near_dog_logit_no_h2h,tune,1.0,0.0,94,0.43617,2.407355,0.518343,0.395565,0.122778,0.038517,0.082172,0.700409
near_dog_logit_no_h2h,tune,1.0,0.01,88,0.431818,2.4018,0.526933,0.396252,0.130681,0.022619,0.095115,0.698131
near_dog_logit_no_h2h,tune,1.0,0.02,82,0.463415,2.395371,0.536269,0.397173,0.139096,0.097445,0.072855,0.711899
near_dog_logit_no_h2h,tune,1.0,0.03,77,0.467532,2.401001,0.542371,0.395982,0.146389,0.109292,0.074838,0.713505
near_dog_logit_no_h2h,tune,1.0,0.05,62,0.451613,2.384787,0.570817,0.398664,0.172153,0.06114,0.119204,0.714998
near_dog_logit_no_h2h,tune,1.0,0.07,54,0.444444,2.38261,0.586552,0.397794,0.188758,0.040227,0.142107,0.716973
near_dog_logit_no_h2h,tune,1.0,0.1,42,0.52381,2.379189,0.617456,0.398289,0.219167,0.225474,0.093647,0.734115
